{"type":"FeatureCollection","features":[{"type":"Feature","id":"161","properties":{"district_id":"161","district_name":"Anugul","code_2digit":"14","bhulekh_id":"14","center":[84.83011,21.10176],"bbox":[84.26652,20.52813,85.3937,21.67539]},"geometry":{"type":"MultiPolygon","coordinates":[[[[84.87226,21.17202],[84.8748,21.17821],[84.87516,21.17919],[84.87661,21.173],[84.87552,21.17267],[84.87226,21.17202]]],[[[85.3937,21.18343],[85.37814,21.16746],[85.33327,21.17724],[85.31698,21.158],[85.29021,21.1805],[85.27211,21.17495],[85.22978,21.07258],[85.18491,21.08139],[85.17948,21.07584],[85.1679,21.05791],[85.16971,21.05074],[85.20589,21.02629],[85.24859,21.00216],[85.25366,20.99401],[85.25873,20.98521],[85.26162,20.98032],[85.25945,20.97836],[85.24172,20.96532],[85.23955,20.9112],[85.24497,20.89816],[85.26271,20.89393],[85.24823,20.88447],[85.25836,20.87469],[85.25547,20.79612],[85.19649,20.78699],[85.21675,20.75243],[85.18889,20.70092],[85.18889,20.70027],[85.19287,20.68169],[85.19359,20.6781],[85.1755,20.66604],[85.17007,20.66213],[85.16935,20.6618],[85.16356,20.67549],[85.17478,20.7019],[85.15994,20.70744],[85.1527,20.73352],[85.1404,20.73124],[85.11362,20.68364],[85.13461,20.64159],[85.12701,20.61616],[85.12158,20.6129],[85.12158,20.61225],[85.12122,20.61257],[85.09082,20.61877],[85.07382,20.58127],[85.05536,20.57769],[85.0275,20.58975],[84.9877,20.5803],[84.97974,20.5653],[84.94319,20.58193],[84.89759,20.58225],[84.84838,20.52813],[84.7666,20.60344],[84.7619,20.60801],[84.63923,20.62366],[84.56071,20.69016],[84.51584,20.70223],[84.46265,20.73548],[84.4185,20.73809],[84.41741,20.73841],[84.41271,20.74037],[84.36965,20.76156],[84.36024,20.76613],[84.34975,20.7808],[84.34902,20.78178],[84.34902,20.7821],[84.35119,20.82579],[84.34794,20.83231],[84.30271,20.85937],[84.26652,20.88121],[84.26652,20.88154],[84.26652,20.88186],[84.26797,20.90794],[84.26833,20.91316],[84.27629,20.9187],[84.27919,20.92229],[84.30162,20.93631],[84.31139,20.93207],[84.32876,20.95163],[84.32985,20.95163],[84.36603,20.95391],[84.37254,20.95457],[84.37435,20.95457],[84.40547,20.97673],[84.4138,21.00347],[84.43406,21.0152],[84.40909,21.03053],[84.42936,21.04031],[84.43876,21.03314],[84.48146,21.08073],[84.53212,21.08758],[84.58531,21.06117],[84.64538,21.08367],[84.6794,21.06313],[84.66746,21.09345],[84.68048,21.14724],[84.72318,21.14855],[84.73114,21.16909],[84.74453,21.16941],[84.74634,21.16811],[84.79519,21.13322],[84.80424,21.13648],[84.80894,21.14137],[84.79845,21.1655],[84.79917,21.16583],[84.79881,21.16648],[84.81762,21.17137],[84.87661,21.16452],[84.91858,21.14072],[84.93197,21.15344],[84.92799,21.18082],[84.95043,21.17072],[84.94898,21.14789],[84.96237,21.14724],[84.96997,21.18897],[84.93957,21.19614],[84.92582,21.23364],[84.89759,21.26102],[84.95694,21.29786],[84.98842,21.2871],[85.01122,21.29721],[85.01158,21.29754],[85.01737,21.29623],[85.03293,21.2933],[85.00832,21.32362],[85.0076,21.37937],[84.99168,21.41229],[84.99747,21.43577],[84.99855,21.43609],[85.02605,21.44783],[85.02099,21.45826],[85.06007,21.44229],[85.07961,21.45892],[85.15415,21.46283],[85.203,21.52119],[85.21168,21.5564],[85.20409,21.56748],[85.1878,21.58802],[85.14402,21.59519],[85.14402,21.59519],[85.14438,21.59519],[85.14438,21.59519],[85.17948,21.62682],[85.19359,21.6392],[85.19432,21.63986],[85.19395,21.63986],[85.1802,21.64475],[85.18889,21.65746],[85.19106,21.66105],[85.19106,21.66072],[85.20155,21.66072],[85.20951,21.67539],[85.25511,21.67409],[85.2685,21.62225],[85.29383,21.59943],[85.28297,21.59291],[85.28623,21.58443],[85.31228,21.56911],[85.29998,21.55379],[85.30034,21.5489],[85.30251,21.53129],[85.32096,21.53455],[85.32205,21.53194],[85.33399,21.48174],[85.33399,21.48108],[85.3083,21.46185],[85.30577,21.44685],[85.26307,21.45729],[85.25511,21.45142],[85.27248,21.42794],[85.30396,21.41621],[85.30504,21.39632],[85.32639,21.39045],[85.34268,21.366],[85.32567,21.32036],[85.31517,21.33014],[85.28442,21.29819],[85.27284,21.30243],[85.27175,21.30275],[85.27067,21.28026],[85.2703,21.27439],[85.2703,21.27406],[85.28659,21.26396],[85.29744,21.27569],[85.36004,21.24472],[85.3832,21.20364],[85.39334,21.18343],[85.39334,21.18343],[85.3937,21.18343]]]]}},{"type":"Feature","id":"218","properties":{"district_id":"218","district_name":"Baleswar","code_2digit":"01","bhulekh_id":"1","center":[86.91891,21.51988],"bbox":[86.35297,21.06052,87.48485,21.97924]},"geometry":{"type":"Polygon","coordinates":[[[86.85957,21.2144],[86.85812,21.21212],[86.84039,21.20397],[86.80167,21.2307],[86.78503,21.21994],[86.77019,21.22581],[86.77164,21.2043],[86.75753,21.19712],[86.77526,21.17072],[86.70614,21.18408],[86.69456,21.16517],[86.67285,21.16974],[86.65223,21.10845],[86.6696,21.09508],[86.6696,21.0941],[86.66634,21.08204],[86.64716,21.07878],[86.65295,21.06052],[86.6515,21.0615],[86.62509,21.07226],[86.63522,21.08562],[86.62871,21.09312],[86.59324,21.09704],[86.58999,21.11627],[86.56176,21.14235],[86.56249,21.15735],[86.53064,21.16028],[86.51545,21.13518],[86.4561,21.16224],[86.44959,21.15409],[86.43258,21.16093],[86.44488,21.17235],[86.44416,21.17365],[86.42824,21.1805],[86.42752,21.18082],[86.42679,21.18082],[86.4438,21.20006],[86.43403,21.2206],[86.42136,21.2219],[86.41847,21.2056],[86.38084,21.22809],[86.36672,21.23657],[86.37215,21.25841],[86.35297,21.28352],[86.35804,21.3021],[86.36021,21.30308],[86.36057,21.30177],[86.40472,21.32068],[86.41051,21.32557],[86.42969,21.34187],[86.45755,21.36535],[86.52703,21.42371],[86.5292,21.42566],[86.52992,21.42664],[86.58203,21.52216],[86.60989,21.51858],[86.63739,21.53357],[86.64861,21.58085],[86.66417,21.57824],[86.68298,21.59682],[86.69312,21.58508],[86.7398,21.60562],[86.7948,21.5978],[86.7995,21.60758],[86.83026,21.60888],[86.84365,21.5991],[86.85667,21.60334],[86.86464,21.59095],[86.88671,21.61247],[86.87332,21.62225],[86.87549,21.63823],[86.89141,21.61247],[86.90118,21.61214],[86.91023,21.58085],[86.92072,21.59128],[86.95727,21.57367],[86.9551,21.59584],[86.96306,21.59389],[86.96053,21.58085],[87.0054,21.60041],[87.00612,21.60073],[86.98622,21.62845],[86.99309,21.63562],[87.00395,21.62616],[87.01191,21.64898],[86.98948,21.65322],[86.98948,21.65518],[86.99056,21.67115],[87.00142,21.67409],[87.01589,21.67409],[87.03073,21.66105],[87.03254,21.67376],[87.05208,21.68256],[87.05171,21.68322],[87.03652,21.69821],[87.0253,21.74288],[87.04629,21.73962],[87.04629,21.71386],[87.06981,21.70767],[87.08718,21.71582],[87.08681,21.72984],[87.09369,21.72592],[87.08464,21.73799],[87.09586,21.7331],[87.09441,21.74744],[87.12228,21.75429],[87.10201,21.77157],[87.10382,21.78396],[87.11721,21.78917],[87.12445,21.77189],[87.1306,21.77874],[87.15918,21.77124],[87.16425,21.78819],[87.17366,21.78819],[87.17474,21.81134],[87.1856,21.79178],[87.178,21.8133],[87.10853,21.85601],[87.10093,21.86383],[87.09839,21.87328],[87.09079,21.89969],[87.09658,21.90817],[87.10853,21.92512],[87.13747,21.92349],[87.16136,21.93555],[87.17113,21.97859],[87.17149,21.97924],[87.18813,21.96587],[87.19646,21.95968],[87.21129,21.9662],[87.23915,21.95609],[87.2435,21.96392],[87.2359,21.9437],[87.25363,21.92414],[87.24458,21.90915],[87.23879,21.90165],[87.23915,21.90034],[87.25146,21.87492],[87.24892,21.85372],[87.27064,21.82764],[87.26412,21.81917],[87.26376,21.81884],[87.27606,21.80841],[87.27896,21.8058],[87.28258,21.80286],[87.29778,21.81069],[87.31044,21.79243],[87.33541,21.79341],[87.33794,21.78363],[87.35531,21.79113],[87.37015,21.76994],[87.37232,21.76668],[87.37376,21.76407],[87.38571,21.77581],[87.39584,21.76602],[87.44143,21.76798],[87.44505,21.7432],[87.45337,21.73962],[87.44433,21.73408],[87.46929,21.73212],[87.47183,21.68387],[87.4617,21.65127],[87.47581,21.64703],[87.47726,21.64442],[87.48485,21.61508],[87.48413,21.60269],[87.43528,21.5815],[87.40778,21.54564],[87.38209,21.57367],[87.33613,21.57726],[87.37123,21.56324],[87.39403,21.53292],[87.35893,21.54205],[87.2207,21.53618],[87.14797,21.5088],[87.08609,21.45989],[87.06764,21.46283],[87.05027,21.42957],[86.94895,21.3585],[86.85957,21.2144]]]}},{"type":"Feature","id":"171","properties":{"district_id":"171","district_name":"Baragarh","code_2digit":"15","bhulekh_id":"15","center":[83.27305,21.23282],"bbox":[82.63564,20.72211,83.91046,21.74353]},"geometry":{"type":"Polygon","coordinates":[[[83.89453,21.17561],[83.87789,21.16256],[83.84641,21.09932],[83.83989,21.09345],[83.79973,21.11366],[83.78417,21.15148],[83.76825,21.15474],[83.7621,21.14268],[83.71288,21.1192],[83.60433,21.12833],[83.59492,21.10779],[83.54824,21.07682],[83.49179,21.06215],[83.49396,21.04063],[83.45886,21.05922],[83.45705,21.05791],[83.42485,21.0302],[83.39192,21.06965],[83.37853,21.06052],[83.35211,21.07095],[83.34234,21.05628],[83.32208,21.05628],[83.32208,21.05596],[83.29567,21.01357],[83.32678,20.99467],[83.33257,20.98065],[83.36116,21.00314],[83.38649,20.9888],[83.39192,20.96337],[83.37998,20.93989],[83.4158,20.90729],[83.40495,20.88904],[83.35067,20.87306],[83.32896,20.88088],[83.31846,20.86002],[83.28481,20.85317],[83.27938,20.84176],[83.27721,20.86817],[83.2526,20.89719],[83.25152,20.91642],[83.21678,20.93011],[83.19145,20.89588],[83.14477,20.88088],[83.1303,20.85774],[83.10243,20.87469],[83.08688,20.85774],[83.0326,20.85285],[83.0145,20.86165],[83.00256,20.84861],[82.98049,20.84567],[82.9671,20.89295],[82.92585,20.88284],[82.91789,20.89947],[82.88858,20.90762],[82.7717,20.80101],[82.74637,20.76939],[82.73479,20.72211],[82.70801,20.727],[82.70078,20.72831],[82.6863,20.73189],[82.69861,20.75993],[82.68413,20.81242],[82.68087,20.88512],[82.6939,20.90273],[82.69861,20.93761],[82.68739,20.97315],[82.69354,21.02042],[82.67038,21.06378],[82.63818,21.08856],[82.63745,21.08921],[82.63564,21.09051],[82.65012,21.10649],[82.64143,21.11692],[82.64035,21.11823],[82.65301,21.12931],[82.63745,21.14463],[82.63998,21.15441],[82.64035,21.15441],[82.75578,21.1668],[82.79377,21.14268],[82.80029,21.15572],[82.85095,21.16843],[82.85312,21.1593],[82.87664,21.16354],[82.88243,21.14822],[82.90233,21.1668],[82.93779,21.16974],[82.94792,21.16159],[82.94394,21.17789],[82.96493,21.19321],[82.96565,21.17528],[82.98809,21.18278],[82.98049,21.17006],[83.00329,21.16811],[82.98592,21.15083],[82.99026,21.13974],[83.01595,21.14626],[83.07783,21.11171],[83.13138,21.10584],[83.16684,21.13877],[83.19217,21.13909],[83.21461,21.19484],[83.22185,21.26591],[83.2508,21.28221],[83.27106,21.27243],[83.27866,21.28939],[83.25767,21.3184],[83.25803,21.31971],[83.25731,21.32036],[83.27214,21.37056],[83.26925,21.37774],[83.26889,21.37839],[83.27178,21.37741],[83.27395,21.37676],[83.37889,21.34448],[83.38323,21.34546],[83.39192,21.34253],[83.39952,21.35003],[83.40458,21.35524],[83.4082,21.3585],[83.39662,21.3673],[83.39879,21.40512],[83.3731,21.44294],[83.35392,21.44816],[83.338,21.5013],[83.37274,21.55803],[83.36985,21.60041],[83.38251,21.62029],[83.4433,21.6555],[83.4509,21.65061],[83.44403,21.62388],[83.45633,21.60986],[83.4661,21.60954],[83.4737,21.63236],[83.4889,21.63073],[83.48926,21.6304],[83.48672,21.64344],[83.48709,21.64344],[83.52653,21.67311],[83.54571,21.72821],[83.56633,21.74353],[83.56778,21.7432],[83.56923,21.74288],[83.64956,21.72234],[83.68864,21.70278],[83.69443,21.69984],[83.6966,21.69854],[83.73134,21.62518],[83.79973,21.56324],[83.81674,21.53553],[83.84713,21.52575],[83.85039,21.51923],[83.88657,21.43772],[83.88078,21.42566],[83.84605,21.41393],[83.88042,21.38719],[83.87246,21.30569],[83.8721,21.30471],[83.87318,21.30243],[83.87753,21.29362],[83.87825,21.29199],[83.89164,21.29362],[83.88947,21.28026],[83.88947,21.28026],[83.89019,21.27895],[83.91046,21.23853],[83.89851,21.20495],[83.88874,21.17593],[83.89453,21.17561]]]}},{"type":"Feature","id":"178","properties":{"district_id":"178","district_name":"Bhadrak","code_2digit":"16","bhulekh_id":"16","center":[86.62654,20.98586],"bbox":[86.27554,20.73515,86.97753,21.23657]},"geometry":{"type":"Polygon","coordinates":[[[86.62183,20.79514],[86.61713,20.79938],[86.62473,20.81144],[86.60084,20.83003],[86.59867,20.8535],[86.59867,20.85415],[86.59469,20.8548],[86.49591,20.86784],[86.45574,20.84111],[86.38807,20.86524],[86.36093,20.84861],[86.32837,20.86198],[86.33958,20.87534],[86.32475,20.87502],[86.31534,20.89327],[86.28241,20.90468],[86.2806,20.90827],[86.29073,20.98423],[86.29291,20.99956],[86.29399,21.00836],[86.28639,21.01553],[86.28422,21.02107],[86.30847,21.01716],[86.31679,21.05628],[86.32511,21.0527],[86.32692,21.05759],[86.32801,21.06052],[86.32837,21.06248],[86.32656,21.06476],[86.30955,21.0853],[86.31317,21.11138],[86.28386,21.13159],[86.27554,21.14431],[86.28024,21.15474],[86.29399,21.1743],[86.31425,21.16843],[86.31498,21.16811],[86.33271,21.17887],[86.34537,21.18604],[86.35261,21.19028],[86.35297,21.20006],[86.35442,21.23624],[86.35442,21.23624],[86.35514,21.23624],[86.36672,21.23624],[86.36672,21.23657],[86.38084,21.22809],[86.41847,21.2056],[86.42136,21.2219],[86.43403,21.2206],[86.4438,21.20006],[86.42679,21.18082],[86.42752,21.18082],[86.42824,21.1805],[86.44416,21.17365],[86.44488,21.17235],[86.43258,21.16093],[86.44959,21.15409],[86.4561,21.16224],[86.51545,21.13518],[86.53064,21.16028],[86.56249,21.15735],[86.56176,21.14235],[86.58999,21.11627],[86.59324,21.09704],[86.62871,21.09312],[86.63522,21.08562],[86.62509,21.07226],[86.6515,21.0615],[86.65295,21.06052],[86.64716,21.07878],[86.66634,21.08204],[86.6696,21.0941],[86.6696,21.09508],[86.65223,21.10845],[86.67285,21.16974],[86.69456,21.16517],[86.70614,21.18408],[86.77526,21.17072],[86.75753,21.19712],[86.77164,21.2043],[86.77019,21.22581],[86.78503,21.21994],[86.80167,21.2307],[86.84039,21.20397],[86.85812,21.21212],[86.85957,21.2144],[86.86102,21.21505],[86.84075,21.15767],[86.85233,21.09443],[86.97681,20.861],[86.97753,20.82318],[86.96813,20.79188],[86.86572,20.78373],[86.8118,20.75276],[86.80602,20.73515],[86.79805,20.73711],[86.79154,20.73874],[86.78105,20.74135],[86.77634,20.73744],[86.76187,20.73581],[86.75644,20.73939],[86.75463,20.74363],[86.76513,20.75635],[86.76368,20.75928],[86.76151,20.76417],[86.76006,20.7671],[86.75825,20.76678],[86.71049,20.75961],[86.70614,20.77689],[86.6591,20.79645],[86.64644,20.78601],[86.64644,20.78601],[86.63196,20.79514],[86.63088,20.79612],[86.63015,20.79514],[86.62183,20.79514]]]}},{"type":"Feature","id":"162","properties":{"district_id":"162","district_name":"Bolangir","code_2digit":"02","bhulekh_id":"2","center":[83.1815,20.60915],"bbox":[82.68449,20.14734,83.67851,21.07095]},"geometry":{"type":"Polygon","coordinates":[[[83.45705,21.05791],[83.44656,21.01618],[83.46936,20.99499],[83.49034,20.99532],[83.51024,20.97934],[83.57502,20.97315],[83.63943,20.9813],[83.60903,20.93044],[83.61989,20.90273],[83.57646,20.87306],[83.56995,20.84535],[83.62676,20.82579],[83.62242,20.81536],[83.59383,20.82057],[83.59347,20.79938],[83.63472,20.79547],[83.63545,20.77102],[83.65607,20.77036],[83.65354,20.74559],[83.67851,20.73939],[83.66476,20.70451],[83.63653,20.67973],[83.6416,20.67126],[83.62821,20.66115],[83.6217,20.63311],[83.59492,20.60638],[83.596,20.57932],[83.6065,20.56889],[83.59709,20.54606],[83.59781,20.53563],[83.60179,20.53074],[83.60397,20.52813],[83.60179,20.52748],[83.58117,20.52161],[83.57031,20.48477],[83.58334,20.48771],[83.61772,20.45837],[83.61989,20.44532],[83.66403,20.42218],[83.66584,20.4212],[83.65824,20.41403],[83.65571,20.39838],[83.65101,20.3886],[83.65101,20.3886],[83.65101,20.38795],[83.65209,20.36773],[83.65209,20.36708],[83.62712,20.36773],[83.62712,20.36708],[83.6264,20.36708],[83.62531,20.36349],[83.61916,20.35111],[83.57646,20.36317],[83.56995,20.38729],[83.55475,20.39968],[83.49939,20.41631],[83.48998,20.40522],[83.49758,20.43457],[83.48636,20.4538],[83.486,20.45347],[83.42231,20.40294],[83.4082,20.36806],[83.38721,20.34687],[83.36406,20.34328],[83.36152,20.31753],[83.30001,20.30514],[83.28481,20.28003],[83.23777,20.25689],[83.23922,20.22983],[83.2251,20.2044],[83.18964,20.17636],[83.14477,20.16951],[83.12668,20.19494],[83.10171,20.19201],[83.09122,20.20048],[83.06082,20.18614],[83.03441,20.18679],[83.01595,20.17179],[82.92621,20.18027],[82.91101,20.16788],[82.90957,20.14734],[82.82055,20.1656],[82.81585,20.16658],[82.81621,20.16788],[82.81729,20.18418],[82.81766,20.18744],[82.84733,20.19396],[82.8618,20.22983],[82.85203,20.24156],[82.85637,20.27449],[82.8466,20.28851],[82.84624,20.28884],[82.8296,20.2784],[82.82634,20.28134],[82.81187,20.29405],[82.8115,20.29405],[82.81693,20.31622],[82.83502,20.32013],[82.83683,20.29405],[82.84697,20.28949],[82.85239,20.33611],[82.83575,20.3348],[82.81512,20.35697],[82.81259,20.32568],[82.78943,20.32274],[82.79124,20.34556],[82.81367,20.36219],[82.81621,20.37947],[82.80463,20.38403],[82.77279,20.35274],[82.72755,20.3573],[82.71778,20.35828],[82.7138,20.3586],[82.73081,20.38175],[82.69752,20.42446],[82.69752,20.42446],[82.69752,20.42479],[82.69716,20.445],[82.69282,20.45021],[82.68739,20.45641],[82.68449,20.46],[82.7062,20.50303],[82.71127,20.56921],[82.72972,20.58388],[82.74311,20.62952],[82.72828,20.638],[82.73226,20.653],[82.71995,20.6768],[82.69499,20.68332],[82.69426,20.68332],[82.70078,20.72831],[82.70801,20.727],[82.73479,20.72211],[82.74637,20.76939],[82.7717,20.80101],[82.88858,20.90762],[82.91789,20.89947],[82.92585,20.88284],[82.9671,20.89295],[82.98049,20.84567],[83.00256,20.84861],[83.0145,20.86165],[83.0326,20.85285],[83.08688,20.85774],[83.10243,20.87469],[83.1303,20.85774],[83.14477,20.88088],[83.19145,20.89588],[83.21678,20.93011],[83.25152,20.91642],[83.2526,20.89719],[83.27721,20.86817],[83.27938,20.84176],[83.28481,20.85317],[83.31846,20.86002],[83.32896,20.88088],[83.35067,20.87306],[83.40495,20.88904],[83.4158,20.90729],[83.37998,20.93989],[83.39192,20.96337],[83.38649,20.9888],[83.36116,21.00314],[83.33257,20.98065],[83.32678,20.99467],[83.29567,21.01357],[83.32208,21.05596],[83.32208,21.05628],[83.34234,21.05628],[83.35211,21.07095],[83.37853,21.06052],[83.39192,21.06965],[83.42485,21.0302],[83.45705,21.05791]]]}},{"type":"Feature","id":"177","properties":{"district_id":"177","district_name":"Boudh","code_2digit":"28","bhulekh_id":"28","center":[84.18022,20.63996],"bbox":[83.57031,20.38403,84.79012,20.89588]},"geometry":{"type":"Polygon","coordinates":[[[83.60179,20.53074],[83.64413,20.53661],[83.68393,20.55878],[83.73025,20.60899],[83.73206,20.62268],[83.71578,20.64028],[83.75775,20.71722],[83.76246,20.78015],[83.78272,20.80036],[83.78525,20.80134],[83.837,20.82546],[83.89634,20.81731],[83.93687,20.84209],[84.0125,20.84046],[84.04109,20.8209],[84.1073,20.83785],[84.19234,20.88936],[84.19849,20.89067],[84.22201,20.89425],[84.23034,20.89588],[84.23214,20.8949],[84.23504,20.8949],[84.26652,20.88154],[84.26652,20.88121],[84.30271,20.85937],[84.34794,20.83231],[84.35119,20.82579],[84.34902,20.7821],[84.34902,20.78178],[84.34975,20.7808],[84.36024,20.76613],[84.36965,20.76156],[84.41271,20.74037],[84.41741,20.73841],[84.4185,20.73809],[84.46265,20.73548],[84.51584,20.70223],[84.56071,20.69016],[84.63923,20.62366],[84.7619,20.60801],[84.7666,20.60344],[84.79012,20.58127],[84.78687,20.55063],[84.76624,20.53172],[84.74055,20.54085],[84.71269,20.52357],[84.71124,20.50662],[84.69677,20.49749],[84.69279,20.4701],[84.68084,20.46],[84.69134,20.45021],[84.68084,20.43261],[84.64683,20.42348],[84.61824,20.43424],[84.60413,20.41989],[84.59002,20.42348],[84.5636,20.41109],[84.54262,20.41859],[84.51005,20.39512],[84.48182,20.38403],[84.46373,20.39773],[84.46482,20.44141],[84.46482,20.44565],[84.46482,20.44598],[84.45541,20.46619],[84.42574,20.48542],[84.4337,20.5089],[84.3881,20.53042],[84.38123,20.55845],[84.39426,20.57606],[84.37978,20.58845],[84.36893,20.65072],[84.35698,20.67093],[84.32008,20.68723],[84.31827,20.68853],[84.31754,20.68821],[84.27665,20.67223],[84.28063,20.63539],[84.27195,20.63605],[84.25675,20.60181],[84.22527,20.58193],[84.18583,20.58421],[84.17606,20.59921],[84.14494,20.57801],[84.10477,20.59171],[84.06026,20.58975],[84.0049,20.56856],[83.97957,20.58584],[83.93796,20.58421],[83.92963,20.59627],[83.94085,20.60475],[83.92131,20.61029],[83.91263,20.57932],[83.87355,20.58225],[83.84134,20.54509],[83.81963,20.54443],[83.81927,20.52194],[83.79575,20.5089],[83.81131,20.46293],[83.82831,20.45217],[83.81312,20.45478],[83.81456,20.4362],[83.80624,20.43131],[83.78598,20.44206],[83.78019,20.40718],[83.7194,20.43522],[83.69226,20.41403],[83.67634,20.42902],[83.67489,20.43033],[83.67091,20.42609],[83.66584,20.4212],[83.66403,20.42218],[83.61989,20.44532],[83.61772,20.45837],[83.58334,20.48771],[83.57031,20.48477],[83.58117,20.52161],[83.60179,20.52748],[83.60397,20.52813],[83.60179,20.53074]]]}},{"type":"Feature","id":"306","properties":{"district_id":"306","district_name":"Cuttack","code_2digit":"03","bhulekh_id":"3","center":[85.56431,20.37001],"bbox":[84.84838,20.03748,86.28024,20.70255]},"geometry":{"type":"Polygon","coordinates":[[[85.12701,20.61616],[85.17839,20.60116],[85.2077,20.57606],[85.19685,20.56726],[85.21132,20.54835],[85.25113,20.51868],[85.29383,20.51705],[85.34991,20.49716],[85.38212,20.50042],[85.39985,20.48738],[85.40817,20.48803],[85.40564,20.50922],[85.41468,20.50922],[85.45666,20.48445],[85.5037,20.53661],[85.58512,20.51379],[85.59923,20.53824],[85.65604,20.5503],[85.68969,20.59627],[85.70887,20.6054],[85.71321,20.61485],[85.70634,20.62072],[85.70562,20.62431],[85.71141,20.63181],[85.72081,20.63996],[85.73275,20.64387],[85.75447,20.63605],[85.76243,20.6618],[85.78124,20.6631],[85.78703,20.67223],[85.81019,20.66017],[85.84963,20.66865],[85.88835,20.65854],[85.91006,20.68984],[85.9097,20.69212],[85.91549,20.70125],[85.91658,20.70255],[85.95783,20.68495],[85.96543,20.66669],[85.98171,20.6618],[85.98533,20.66082],[85.9922,20.65235],[86.00415,20.63768],[86.02477,20.61257],[86.04105,20.59301],[86.04142,20.59236],[86.0776,20.59464],[86.08701,20.61714],[86.11704,20.61388],[86.14491,20.64224],[86.17386,20.64452],[86.18724,20.65821],[86.18869,20.63931],[86.16409,20.638],[86.18363,20.62594],[86.20136,20.63246],[86.20859,20.61583],[86.25057,20.6054],[86.27735,20.58356],[86.28024,20.58127],[86.28024,20.58127],[86.27264,20.56432],[86.26613,20.56334],[86.26396,20.56041],[86.27083,20.55878],[86.24912,20.53857],[86.24948,20.53628],[86.27662,20.51835],[86.2683,20.50825],[86.27771,20.49618],[86.26251,20.48542],[86.27409,20.45478],[86.26468,20.45119],[86.27517,20.44663],[86.26866,20.42544],[86.27771,20.4225],[86.2654,20.40555],[86.273,20.38795],[86.26142,20.38697],[86.25744,20.3749],[86.25165,20.37979],[86.24876,20.36741],[86.24804,20.3648],[86.23682,20.36447],[86.21185,20.36349],[86.19882,20.36317],[86.19448,20.36936],[86.16445,20.37914],[86.13731,20.35697],[86.10402,20.37393],[86.08954,20.36219],[86.08918,20.36186],[86.0273,20.40164],[86.02658,20.40196],[86.01102,20.37751],[86.03925,20.28753],[86.04684,20.27906],[86.06675,20.26634],[86.0776,20.2445],[86.1507,20.21385],[86.13876,20.19527],[86.16807,20.16788],[86.14635,20.17277],[86.14165,20.14408],[86.16445,20.11409],[86.15395,20.09127],[86.1829,20.05671],[86.18109,20.0541],[86.17096,20.03943],[86.12537,20.03748],[86.11668,20.04726],[86.11668,20.04726],[86.11741,20.04823],[86.12356,20.05932],[86.11451,20.06421],[86.10981,20.06649],[86.08701,20.05834],[86.07543,20.07758],[86.0776,20.07921],[86.08846,20.08605],[86.08773,20.08964],[86.08701,20.09322],[86.08556,20.10072],[86.08086,20.10431],[86.04431,20.13137],[86.03309,20.13985],[86.03165,20.14082],[86.03273,20.14082],[86.04431,20.14082],[86.05336,20.16397],[86.03744,20.17929],[86.02151,20.16756],[86.02767,20.18223],[86.01717,20.18614],[86.00415,20.22461],[85.98967,20.22591],[85.94987,20.27123],[85.93105,20.2709],[85.93829,20.28264],[85.91006,20.31948],[85.91549,20.32763],[85.92743,20.31329],[85.92671,20.32959],[85.89957,20.35371],[85.8974,20.37197],[85.87894,20.3573],[85.86592,20.40001],[85.82394,20.40848],[85.82358,20.40848],[85.81634,20.43098],[85.79861,20.43261],[85.78522,20.43391],[85.78522,20.41174],[85.77184,20.40425],[85.77111,20.40392],[85.76749,20.41598],[85.71611,20.40425],[85.67703,20.32437],[85.66473,20.33187],[85.64301,20.32568],[85.62347,20.29242],[85.56522,20.29959],[85.55038,20.31296],[85.54857,20.30188],[85.52433,20.30579],[85.51058,20.29112],[85.45919,20.29731],[85.45123,20.26438],[85.41939,20.27351],[85.40274,20.26112],[85.3984,20.25786],[85.39659,20.26862],[85.38176,20.28688],[85.36185,20.27645],[85.35462,20.27253],[85.33435,20.27808],[85.33001,20.2784],[85.35426,20.30188],[85.35027,20.3348],[85.37271,20.35176],[85.36656,20.36708],[85.27139,20.35958],[85.19649,20.38077],[85.15849,20.37849],[84.94898,20.48868],[84.87805,20.50205],[84.84838,20.52813],[84.89759,20.58225],[84.94319,20.58193],[84.97974,20.5653],[84.9877,20.5803],[85.0275,20.58975],[85.05536,20.57769],[85.07382,20.58127],[85.09082,20.61877],[85.12122,20.61257],[85.12158,20.61225],[85.12158,20.6129],[85.12701,20.61616]]]}},{"type":"Feature","id":"150","properties":{"district_id":"150","district_name":"Deogarh","code_2digit":"29","bhulekh_id":"29","center":[84.80315,21.44718],"bbox":[84.39462,21.13322,85.21168,21.76113]},"geometry":{"type":"Polygon","coordinates":[[[85.14402,21.59519],[85.14402,21.59519],[85.1878,21.58802],[85.20409,21.56748],[85.21168,21.5564],[85.203,21.52119],[85.15415,21.46283],[85.07961,21.45892],[85.06007,21.44229],[85.02099,21.45826],[85.02605,21.44783],[84.99855,21.43609],[84.99747,21.43577],[84.99168,21.41229],[85.0076,21.37937],[85.00832,21.32362],[85.03293,21.2933],[85.01737,21.29623],[85.01158,21.29754],[85.01122,21.29721],[84.98842,21.2871],[84.95694,21.29786],[84.89759,21.26102],[84.92582,21.23364],[84.93957,21.19614],[84.96997,21.18897],[84.96237,21.14724],[84.94898,21.14789],[84.95043,21.17072],[84.92799,21.18082],[84.93197,21.15344],[84.91858,21.14072],[84.87661,21.16452],[84.81762,21.17137],[84.79881,21.16648],[84.79917,21.16583],[84.79845,21.1655],[84.80894,21.14137],[84.80424,21.13648],[84.79519,21.13322],[84.74634,21.16811],[84.74453,21.16941],[84.74525,21.16974],[84.74091,21.19419],[84.71775,21.20853],[84.72318,21.22712],[84.75104,21.2294],[84.75792,21.23005],[84.759,21.23038],[84.77022,21.25255],[84.75358,21.25776],[84.76081,21.27732],[84.71124,21.3184],[84.68555,21.32231],[84.65805,21.31384],[84.66637,21.30373],[84.64611,21.30047],[84.63055,21.27537],[84.61245,21.277],[84.60305,21.26233],[84.56614,21.24929],[84.56758,21.32199],[84.54732,21.37317],[84.54479,21.37382],[84.51765,21.38198],[84.49847,21.37513],[84.50028,21.36372],[84.48761,21.36926],[84.49087,21.39045],[84.47205,21.39436],[84.46228,21.39208],[84.4033,21.37937],[84.39498,21.4211],[84.39462,21.42697],[84.41633,21.45403],[84.40945,21.47587],[84.446,21.49054],[84.44672,21.49087],[84.44383,21.51727],[84.45975,21.51499],[84.47278,21.53814],[84.4934,21.53031],[84.50209,21.5427],[84.50173,21.54335],[84.49015,21.57726],[84.51113,21.57139],[84.51186,21.58052],[84.53574,21.56748],[84.54406,21.5828],[84.5712,21.58052],[84.53321,21.60562],[84.52633,21.62388],[84.50245,21.62323],[84.48653,21.6392],[84.50317,21.68256],[84.53719,21.6793],[84.54334,21.67865],[84.5437,21.67865],[84.56831,21.70245],[84.63091,21.69756],[84.63995,21.72234],[84.63272,21.73864],[84.64792,21.74255],[84.66094,21.76113],[84.67795,21.7494],[84.67831,21.74907],[84.67505,21.73636],[84.69134,21.70962],[84.71811,21.71712],[84.74706,21.68256],[84.74127,21.6692],[84.75756,21.62453],[84.79374,21.6366],[84.7818,21.64931],[84.79012,21.66855],[84.85526,21.66039],[84.86105,21.65192],[84.90121,21.65876],[84.9146,21.6705],[84.94138,21.65942],[84.95368,21.66496],[84.95658,21.68419],[84.97539,21.67278],[84.99819,21.68191],[85.02641,21.67246],[85.02967,21.62779],[85.04849,21.59095],[85.07744,21.60367],[85.14402,21.59519]],[[84.87226,21.17202],[84.87552,21.17267],[84.87661,21.173],[84.87516,21.17919],[84.8748,21.17821],[84.87226,21.17202]]]}},{"type":"Feature","id":"107","properties":{"district_id":"107","district_name":"Dhenkanal","code_2digit":"04","bhulekh_id":"4","center":[85.57209,20.83508],"bbox":[85.11362,20.48445,86.03056,21.18571]},"geometry":{"type":"Polygon","coordinates":[[[85.71177,21.13877],[85.69729,21.13616],[85.68137,21.11236],[85.70164,21.07454],[85.72697,21.06378],[85.73131,21.02759],[85.72081,20.98097],[85.75085,20.99271],[85.77003,20.98749],[85.78016,20.97217],[85.80078,20.96761],[85.82756,20.9249],[85.84529,20.93272],[85.9173,20.92816],[85.91947,20.9011],[85.89848,20.84698],[85.95349,20.83329],[85.95819,20.84013],[85.96977,20.82351],[86.03056,20.80883],[86.01826,20.7658],[86.03056,20.74135],[86.02369,20.72766],[86.02369,20.72766],[85.98135,20.73711],[85.95928,20.72146],[85.90536,20.71559],[85.90753,20.70451],[85.91549,20.70125],[85.9097,20.69212],[85.91006,20.68984],[85.88835,20.65854],[85.84963,20.66865],[85.81019,20.66017],[85.78703,20.67223],[85.78124,20.6631],[85.76243,20.6618],[85.75447,20.63605],[85.73275,20.64387],[85.72081,20.63996],[85.71141,20.63181],[85.70562,20.62431],[85.70634,20.62072],[85.71321,20.61485],[85.70887,20.6054],[85.68969,20.59627],[85.65604,20.5503],[85.59923,20.53824],[85.58512,20.51379],[85.5037,20.53661],[85.45666,20.48445],[85.41468,20.50922],[85.40564,20.50922],[85.40817,20.48803],[85.39985,20.48738],[85.38212,20.50042],[85.34991,20.49716],[85.29383,20.51705],[85.25113,20.51868],[85.21132,20.54835],[85.19685,20.56726],[85.2077,20.57606],[85.17839,20.60116],[85.12701,20.61616],[85.13461,20.64159],[85.11362,20.68364],[85.1404,20.73124],[85.1527,20.73352],[85.15994,20.70744],[85.17478,20.7019],[85.16356,20.67549],[85.16935,20.6618],[85.17007,20.66213],[85.1755,20.66604],[85.19359,20.6781],[85.19287,20.68169],[85.18889,20.70027],[85.18889,20.70092],[85.21675,20.75243],[85.19649,20.78699],[85.25547,20.79612],[85.25836,20.87469],[85.24823,20.88447],[85.26271,20.89393],[85.24497,20.89816],[85.23955,20.9112],[85.24172,20.96532],[85.25945,20.97836],[85.26162,20.98032],[85.25873,20.98521],[85.25366,20.99401],[85.24859,21.00216],[85.20589,21.02629],[85.16971,21.05074],[85.1679,21.05791],[85.17948,21.07584],[85.18491,21.08139],[85.22978,21.07258],[85.27211,21.17495],[85.29021,21.1805],[85.31698,21.158],[85.33327,21.17724],[85.37814,21.16746],[85.3937,21.18343],[85.39514,21.1818],[85.46824,21.12279],[85.4715,21.12018],[85.49791,21.11529],[85.54531,21.16713],[85.60647,21.13648],[85.62528,21.16093],[85.66328,21.16648],[85.68354,21.18571],[85.70742,21.18115],[85.70562,21.16876],[85.72805,21.14137],[85.71177,21.13877]]]}},{"type":"Feature","id":"133","properties":{"district_id":"133","district_name":"Gajapati","code_2digit":"24","bhulekh_id":"24","center":[84.11635,19.19765],"bbox":[83.79321,18.75851,84.43949,19.6368]},"geometry":{"type":"Polygon","coordinates":[[[83.94013,19.63517],[83.95496,19.63615],[83.96654,19.62376],[84.00345,19.62865],[84.0096,19.61887],[84.02733,19.6368],[84.04326,19.62734],[84.08306,19.63289],[84.10586,19.62311],[84.1301,19.62995],[84.1529,19.58333],[84.20356,19.59311],[84.20681,19.59213],[84.20501,19.57975],[84.2155,19.58496],[84.23395,19.57323],[84.23649,19.58072],[84.24409,19.57127],[84.24734,19.56279],[84.24843,19.56573],[84.25277,19.56018],[84.26218,19.58007],[84.27014,19.55008],[84.27195,19.55106],[84.30307,19.56703],[84.31175,19.5716],[84.31103,19.5716],[84.30994,19.57192],[84.29981,19.57355],[84.29945,19.57486],[84.31971,19.57844],[84.32261,19.60713],[84.336,19.59409],[84.40113,19.57551],[84.40258,19.55562],[84.3834,19.54617],[84.38702,19.51487],[84.37399,19.48781],[84.39534,19.4702],[84.3957,19.45195],[84.40439,19.45716],[84.42357,19.44054],[84.37218,19.42652],[84.37037,19.40989],[84.39027,19.39913],[84.37942,19.38479],[84.39353,19.37175],[84.43949,19.36327],[84.42067,19.34827],[84.4156,19.32773],[84.42755,19.2997],[84.41958,19.27948],[84.42574,19.2609],[84.39679,19.21395],[84.3986,19.20124],[84.35988,19.1882],[84.36856,19.17972],[84.36494,19.16114],[84.38847,19.1419],[84.37616,19.13571],[84.38702,19.12202],[84.3483,19.07866],[84.35807,19.07735],[84.35119,19.0679],[84.36422,19.05323],[84.35373,19.00856],[84.3711,19.01117],[84.35952,18.99259],[84.39353,19.00106],[84.3986,18.98541],[84.38449,18.96846],[84.38629,18.96879],[84.40728,18.9727],[84.41054,18.9652],[84.39389,18.95346],[84.41126,18.93879],[84.42248,18.94955],[84.42212,18.94857],[84.4232,18.94629],[84.43153,18.93064],[84.43478,18.92412],[84.42827,18.91271],[84.42682,18.91076],[84.42501,18.91173],[84.41705,18.91891],[84.41669,18.91434],[84.41633,18.90391],[84.41597,18.89902],[84.37689,18.90554],[84.39534,18.89185],[84.39027,18.8775],[84.35807,18.89543],[84.38231,18.87555],[84.37218,18.86283],[84.36024,18.86218],[84.33672,18.88956],[84.33057,18.88304],[84.3331,18.86022],[84.36277,18.84001],[84.34758,18.82143],[84.32876,18.81882],[84.34251,18.80317],[84.3255,18.80024],[84.31899,18.78785],[84.28678,18.8048],[84.28461,18.79339],[84.25856,18.78393],[84.22418,18.79958],[84.21622,18.79111],[84.19343,18.79274],[84.188,18.77872],[84.15724,18.78883],[84.13842,18.77807],[84.13553,18.76242],[84.12033,18.76894],[84.08921,18.75851],[84.03638,18.81719],[84.00345,18.80969],[83.96365,18.81556],[83.94809,18.8061],[83.91371,18.82893],[83.89128,18.81556],[83.85437,18.85892],[83.84822,18.86642],[83.84605,18.91336],[83.82687,18.91597],[83.8218,18.95998],[83.81854,18.96683],[83.81276,18.97857],[83.79539,19.01378],[83.79321,19.01802],[83.79466,19.01769],[83.80154,19.02421],[83.80914,19.03106],[83.82976,19.00758],[83.8323,19.00432],[83.83266,19.00465],[83.83338,19.00367],[83.84785,19.0053],[83.85763,18.99096],[83.89128,18.99454],[83.90792,19.01965],[83.95026,18.99748],[83.95533,19.00106],[83.98572,19.02193],[83.96329,19.04279],[83.96473,19.06268],[83.97776,19.07213],[84.00345,19.06985],[84.00924,19.05714],[84.03204,19.05844],[84.01358,19.09985],[84.01576,19.1181],[84.03385,19.13212],[83.98898,19.1569],[83.98825,19.18657],[83.99766,19.19341],[83.97993,19.21297],[84.0201,19.29057],[84.01431,19.30654],[84.02878,19.34729],[84.01539,19.37696],[83.99006,19.3887],[83.98717,19.40239],[83.97776,19.38348],[83.94736,19.39652],[83.94194,19.42],[83.97668,19.48585],[83.95931,19.5077],[83.97921,19.53149],[83.94013,19.55464],[83.93759,19.55986],[83.92493,19.62637],[83.94013,19.63517]],[[84.35192,19.11289],[84.353,19.10995],[84.35337,19.10963],[84.35409,19.11028],[84.35517,19.11158],[84.3559,19.11256],[84.35192,19.11289]],[[84.37037,19.11876],[84.36784,19.11973],[84.3682,19.11876],[84.37001,19.11647],[84.37037,19.11876]]]}},{"type":"Feature","id":"104","properties":{"district_id":"104","district_name":"Ganjam","code_2digit":"05","bhulekh_id":"5","center":[84.6566,19.60876],"bbox":[84.13046,18.93879,85.18274,20.27873]},"geometry":{"type":"MultiPolygon","coordinates":[[[[84.35192,19.11289],[84.3559,19.11256],[84.35517,19.11158],[84.35409,19.11028],[84.35337,19.10963],[84.353,19.10995],[84.35192,19.11289]]],[[[84.37037,19.11876],[84.37001,19.11647],[84.3682,19.11876],[84.36784,19.11973],[84.37037,19.11876]]],[[[84.23395,19.57323],[84.2354,19.59507],[84.22418,19.62702],[84.24734,19.64462],[84.23902,19.66516],[84.19922,19.68701],[84.18908,19.70591],[84.20139,19.73395],[84.18148,19.73754],[84.1529,19.72482],[84.15977,19.73852],[84.13046,19.78025],[84.17316,19.79329],[84.1652,19.80535],[84.17389,19.82328],[84.19994,19.83534],[84.1851,19.86045],[84.27448,19.87968],[84.30632,19.9087],[84.32442,19.87218],[84.35843,19.86338],[84.3787,19.84578],[84.41271,19.84056],[84.43153,19.83991],[84.43551,19.83697],[84.44419,19.83567],[84.44419,19.8448],[84.46156,19.85719],[84.46373,19.95336],[84.40475,19.96249],[84.38991,19.95597],[84.3559,19.98955],[84.33563,19.97814],[84.32225,19.9902],[84.32261,19.9902],[84.35771,20.03291],[84.3635,20.02574],[84.41814,20.04954],[84.40439,20.08344],[84.44166,20.14669],[84.43478,20.20048],[84.43514,20.20048],[84.4507,20.19983],[84.45143,20.19983],[84.4583,20.18973],[84.45939,20.1881],[84.45939,20.1881],[84.45867,20.18614],[84.4536,20.1669],[84.48689,20.14082],[84.50896,20.13659],[84.52308,20.15256],[84.52597,20.14408],[84.56071,20.13919],[84.55818,20.15745],[84.58712,20.17343],[84.58676,20.1744],[84.58495,20.18647],[84.59798,20.17636],[84.64792,20.20277],[84.67216,20.27384],[84.67216,20.27384],[84.67216,20.27416],[84.67288,20.27416],[84.69966,20.27775],[84.70473,20.27873],[84.73585,20.24417],[84.76516,20.24645],[84.83138,20.21679],[84.83174,20.21646],[84.82233,20.11963],[84.80605,20.11376],[84.79845,20.09062],[84.81184,20.06682],[84.85707,20.0303],[84.86249,20.00064],[84.90085,19.99183],[84.90121,19.99183],[84.91713,19.95206],[84.92075,19.94326],[84.92075,19.94326],[84.90736,19.90805],[84.92799,19.90837],[84.93993,19.89729],[84.93993,19.89729],[84.93487,19.87512],[84.96924,19.85458],[84.98408,19.82035],[85.00434,19.8047],[85.04487,19.80633],[85.07237,19.79459],[85.08395,19.77047],[85.13787,19.73917],[85.18274,19.6782],[85.18237,19.67266],[85.18237,19.67233],[85.17405,19.5579],[85.13497,19.52139],[85.1726,19.46727],[85.10168,19.41087],[85.07925,19.37501],[84.98154,19.31665],[84.87878,19.23123],[84.81075,19.15755],[84.76516,19.07703],[84.70075,19.11876],[84.69785,19.14516],[84.70834,19.14745],[84.70979,19.15918],[84.67216,19.16635],[84.66854,19.16472],[84.66528,19.13082],[84.59328,19.13343],[84.60739,19.1018],[84.62331,19.09985],[84.62331,19.08583],[84.65696,19.09528],[84.6689,19.07735],[84.65913,19.06398],[84.61607,19.06692],[84.6186,19.05714],[84.60449,19.03888],[84.59472,19.02682],[84.59219,19.02323],[84.58676,19.0291],[84.57989,19.0366],[84.57518,19.04149],[84.58061,19.07377],[84.57084,19.07474],[84.55456,19.05746],[84.51439,19.04931],[84.48074,19.01736],[84.47386,18.9903],[84.41922,19.02291],[84.42972,18.99585],[84.44998,18.97857],[84.42863,18.97009],[84.42248,18.94955],[84.41126,18.93879],[84.39389,18.95346],[84.41054,18.9652],[84.40728,18.9727],[84.38629,18.96879],[84.38449,18.96846],[84.3986,18.98541],[84.39353,19.00106],[84.35952,18.99259],[84.3711,19.01117],[84.35373,19.00856],[84.36422,19.05323],[84.35119,19.0679],[84.35807,19.07735],[84.3483,19.07866],[84.38702,19.12202],[84.37616,19.13571],[84.38847,19.1419],[84.36494,19.16114],[84.36856,19.17972],[84.35988,19.1882],[84.3986,19.20124],[84.39679,19.21395],[84.42574,19.2609],[84.41958,19.27948],[84.42755,19.2997],[84.4156,19.32773],[84.42067,19.34827],[84.43949,19.36327],[84.39353,19.37175],[84.37942,19.38479],[84.39027,19.39913],[84.37037,19.40989],[84.37218,19.42652],[84.42357,19.44054],[84.40439,19.45716],[84.3957,19.45195],[84.39534,19.4702],[84.37399,19.48781],[84.38702,19.51487],[84.3834,19.54617],[84.40258,19.55562],[84.40113,19.57551],[84.336,19.59409],[84.32261,19.60713],[84.31971,19.57844],[84.29945,19.57486],[84.29981,19.57355],[84.30994,19.57192],[84.31103,19.5716],[84.31175,19.5716],[84.30307,19.56703],[84.27195,19.55106],[84.27014,19.55008],[84.26218,19.58007],[84.25277,19.56018],[84.24843,19.56573],[84.24734,19.56279],[84.24409,19.57127],[84.23649,19.58072],[84.23395,19.57323]]]]}},{"type":"Feature","id":"202","properties":{"district_id":"202","district_name":"Jagatsingpur","code_2digit":"17","bhulekh_id":"17","center":[86.39766,20.18125],"bbox":[86.01102,19.96054,86.7843,20.40196]},"geometry":{"type":"Polygon","coordinates":[[[86.18109,20.0541],[86.1829,20.05671],[86.15395,20.09127],[86.16445,20.11409],[86.14165,20.14408],[86.14635,20.17277],[86.16807,20.16788],[86.13876,20.19527],[86.1507,20.21385],[86.0776,20.2445],[86.06675,20.26634],[86.04684,20.27906],[86.03925,20.28753],[86.01102,20.37751],[86.02658,20.40196],[86.0273,20.40164],[86.08918,20.36186],[86.08954,20.36219],[86.10402,20.37393],[86.13731,20.35697],[86.16445,20.37914],[86.19448,20.36936],[86.19882,20.36317],[86.21185,20.36349],[86.23682,20.36447],[86.24804,20.3648],[86.26902,20.37262],[86.273,20.3573],[86.30955,20.36154],[86.31606,20.35534],[86.31751,20.35404],[86.33597,20.37034],[86.35551,20.35371],[86.35912,20.35045],[86.35985,20.35534],[86.36564,20.35763],[86.38952,20.35404],[86.39386,20.36545],[86.45212,20.33024],[86.47311,20.33676],[86.4988,20.32828],[86.52015,20.34132],[86.54837,20.32437],[86.6041,20.341],[86.66417,20.32894],[86.69746,20.29699],[86.72315,20.29862],[86.7767,20.33448],[86.7767,20.33546],[86.77815,20.33643],[86.7843,20.3322],[86.67973,20.26406],[86.66923,20.27579],[86.68009,20.25982],[86.59542,20.22461],[86.53281,20.18158],[86.47528,20.09648],[86.43258,20.05215],[86.4087,19.99477],[86.37288,19.96054],[86.36998,19.9814],[86.34139,19.98596],[86.32258,20.01857],[86.26975,20.04139],[86.27807,20.05475],[86.25527,20.05345],[86.24514,20.03487],[86.2303,20.04302],[86.20787,20.03682],[86.20063,20.05215],[86.20027,20.05247],[86.19991,20.05215],[86.18363,20.05084],[86.18109,20.0541]]]}},{"type":"Feature","id":"73","properties":{"district_id":"73","district_name":"Jajpur","code_2digit":"18","bhulekh_id":"18","center":[86.15305,20.87502],"bbox":[85.68137,20.58095,86.62473,21.16909]},"geometry":{"type":"Polygon","coordinates":[[[86.28639,21.01553],[86.29399,21.00836],[86.29291,20.99956],[86.29073,20.98423],[86.2806,20.90827],[86.28241,20.90468],[86.31534,20.89327],[86.32475,20.87502],[86.33958,20.87534],[86.32837,20.86198],[86.36093,20.84861],[86.38807,20.86524],[86.45574,20.84111],[86.49591,20.86784],[86.59469,20.8548],[86.59867,20.85415],[86.59867,20.8535],[86.60084,20.83003],[86.62473,20.81144],[86.61713,20.79938],[86.62183,20.79514],[86.62473,20.79253],[86.61821,20.77754],[86.61749,20.77493],[86.61677,20.77493],[86.56466,20.77428],[86.54114,20.75243],[86.53824,20.7345],[86.56104,20.73809],[86.5462,20.72146],[86.55597,20.70647],[86.52594,20.68821],[86.514,20.69929],[86.5111,20.68723],[86.48758,20.67941],[86.46877,20.68919],[86.45212,20.67517],[86.45067,20.64746],[86.42643,20.64517],[86.42209,20.62496],[86.40001,20.62431],[86.37686,20.59399],[86.33018,20.60899],[86.31968,20.6305],[86.31462,20.58095],[86.28024,20.58127],[86.28024,20.58127],[86.27735,20.58356],[86.25057,20.6054],[86.20859,20.61583],[86.20136,20.63246],[86.18363,20.62594],[86.16409,20.638],[86.18869,20.63931],[86.18724,20.65821],[86.17386,20.64452],[86.14491,20.64224],[86.11704,20.61388],[86.08701,20.61714],[86.0776,20.59464],[86.04142,20.59236],[86.04105,20.59301],[86.02477,20.61257],[86.00415,20.63768],[85.9922,20.65235],[85.98533,20.66082],[85.98171,20.6618],[85.96543,20.66669],[85.95783,20.68495],[85.91658,20.70255],[85.91549,20.70125],[85.90753,20.70451],[85.90536,20.71559],[85.95928,20.72146],[85.98135,20.73711],[86.02369,20.72766],[86.02369,20.72766],[86.03056,20.74135],[86.01826,20.7658],[86.03056,20.80883],[85.96977,20.82351],[85.95819,20.84013],[85.95349,20.83329],[85.89848,20.84698],[85.91947,20.9011],[85.9173,20.92816],[85.84529,20.93272],[85.82756,20.9249],[85.80078,20.96761],[85.78016,20.97217],[85.77003,20.98749],[85.75085,20.99271],[85.72081,20.98097],[85.73131,21.02759],[85.72697,21.06378],[85.70164,21.07454],[85.68137,21.11236],[85.69729,21.13616],[85.71177,21.13877],[85.74035,21.13942],[85.7447,21.143],[85.7617,21.14496],[85.76206,21.14496],[85.77401,21.10551],[85.77871,21.10551],[85.80693,21.10649],[85.82213,21.09084],[85.88618,21.08628],[85.88727,21.08628],[85.88799,21.08628],[85.91694,21.09247],[85.92888,21.13616],[85.94227,21.12866],[85.9752,21.143],[86.0273,21.13811],[86.03671,21.16061],[86.0653,21.15213],[86.08484,21.16909],[86.07471,21.15344],[86.07688,21.12964],[86.05336,21.11627],[86.02911,21.07193],[86.04938,21.02172],[86.08954,21.01977],[86.09316,21.054],[86.11306,21.05498],[86.13369,21.0765],[86.27083,21.02988],[86.28639,21.01553]]]}},{"type":"Feature","id":"51","properties":{"district_id":"51","district_name":"Jharsuguda","code_2digit":"30","bhulekh_id":"30","center":[83.90521,21.80058],"bbox":[83.41797,21.56324,84.39245,22.03792]},"geometry":{"type":"Polygon","coordinates":[[[83.5913,21.82503],[83.62459,21.84786],[83.63653,21.81884],[83.68683,21.80156],[83.69009,21.7895],[83.7194,21.78591],[83.73821,21.81656],[83.79394,21.86644],[83.8142,21.85372],[83.81637,21.8847],[83.82904,21.8772],[83.83121,21.89611],[83.86595,21.91045],[83.85184,21.92349],[83.88006,21.92382],[83.89779,21.94501],[83.95931,21.94175],[83.97776,21.90458],[84.00671,21.92251],[84.02842,21.95316],[84.0628,21.9336],[84.08017,21.93653],[84.08921,21.96294],[84.0704,21.98967],[84.08668,21.99],[84.08885,21.99945],[84.10622,21.99196],[84.11744,22.01282],[84.1377,21.99782],[84.16846,22.00108],[84.20392,21.97761],[84.23468,21.97728],[84.23938,21.97728],[84.26978,22.00826],[84.26942,22.01478],[84.26942,22.01478],[84.27412,22.0151],[84.28678,22.0138],[84.28751,22.01543],[84.29836,22.03499],[84.32369,22.0376],[84.35843,22.03792],[84.39245,22.02293],[84.38304,22.0151],[84.3805,21.97794],[84.36386,21.98283],[84.37363,21.95544],[84.32912,21.86253],[84.32948,21.83221],[84.28896,21.77124],[84.26543,21.76505],[84.25349,21.79602],[84.2383,21.80547],[84.16448,21.78689],[84.15796,21.77352],[84.11635,21.78722],[84.08921,21.77059],[84.05737,21.7732],[84.03783,21.75527],[84.02118,21.78493],[84.00671,21.78689],[84.00164,21.77287],[83.98102,21.78037],[83.98464,21.75624],[83.97052,21.76048],[83.95533,21.73277],[83.94338,21.72886],[83.97414,21.7031],[83.97161,21.58867],[83.96763,21.58085],[83.8996,21.57596],[83.88151,21.57628],[83.8645,21.57954],[83.81095,21.5903],[83.80877,21.59063],[83.79973,21.56324],[83.73134,21.62518],[83.6966,21.69854],[83.69443,21.69984],[83.68864,21.70278],[83.64956,21.72234],[83.56923,21.74288],[83.56778,21.7432],[83.56633,21.74353],[83.54571,21.72821],[83.52653,21.67311],[83.48709,21.64344],[83.48672,21.64344],[83.41797,21.67996],[83.43208,21.69984],[83.46067,21.69756],[83.4907,21.74451],[83.47623,21.75168],[83.48202,21.76602],[83.46899,21.78722],[83.48491,21.79341],[83.49215,21.81721],[83.54173,21.7983],[83.54173,21.79863],[83.53377,21.82569],[83.53268,21.8296],[83.53738,21.83416],[83.54534,21.83807],[83.5913,21.82503]]]}},{"type":"Feature","id":"52","properties":{"district_id":"52","district_name":"Kalahandi","code_2digit":"06","bhulekh_id":"6","center":[83.15726,19.82442],"bbox":[82.52455,19.19504,83.78996,20.4538]},"geometry":{"type":"Polygon","coordinates":[[[82.71778,19.9889],[82.71706,19.99835],[82.7167,20.0065],[82.72719,20.02183],[82.72792,20.0228],[82.72828,20.02346],[82.74492,20.02476],[82.73986,20.0528],[82.75505,20.05475],[82.78835,20.10333],[82.81367,20.1017],[82.82236,20.16462],[82.82055,20.1656],[82.90957,20.14734],[82.91101,20.16788],[82.92621,20.18027],[83.01595,20.17179],[83.03441,20.18679],[83.06082,20.18614],[83.09122,20.20048],[83.10171,20.19201],[83.12668,20.19494],[83.14477,20.16951],[83.18964,20.17636],[83.2251,20.2044],[83.23922,20.22983],[83.23777,20.25689],[83.28481,20.28003],[83.30001,20.30514],[83.36152,20.31753],[83.36406,20.34328],[83.38721,20.34687],[83.4082,20.36806],[83.42231,20.40294],[83.486,20.45347],[83.48636,20.4538],[83.49758,20.43457],[83.48998,20.40522],[83.49939,20.41631],[83.55475,20.39968],[83.56995,20.38729],[83.57646,20.36317],[83.61916,20.35111],[83.62531,20.36349],[83.6264,20.36708],[83.62712,20.36708],[83.62712,20.36773],[83.65209,20.36708],[83.65209,20.36773],[83.65101,20.38795],[83.65101,20.3886],[83.65101,20.3886],[83.6539,20.38729],[83.65354,20.38468],[83.70565,20.36806],[83.70058,20.35176],[83.71759,20.29014],[83.71903,20.237],[83.74038,20.222],[83.7317,20.20961],[83.78272,20.21255],[83.78996,20.17864],[83.77367,20.15941],[83.76246,20.16397],[83.73279,20.14734],[83.72663,20.12517],[83.71578,20.12909],[83.71071,20.10138],[83.67597,20.11083],[83.63581,20.08736],[83.58442,20.11409],[83.58804,20.09909],[83.57212,20.0854],[83.5685,20.05638],[83.55439,20.05378],[83.54245,20.02052],[83.52327,20.01661],[83.50047,19.99379],[83.49505,19.96054],[83.49577,19.96021],[83.48383,19.96347],[83.4509,19.97195],[83.44222,19.93348],[83.4187,19.93413],[83.40422,19.92076],[83.43064,19.87088],[83.42195,19.84969],[83.43896,19.83306],[83.43172,19.82589],[83.43679,19.80176],[83.45959,19.79655],[83.45054,19.78449],[83.45416,19.73689],[83.4281,19.69613],[83.38396,19.66777],[83.36948,19.61985],[83.3731,19.59735],[83.3579,19.60681],[83.31955,19.59213],[83.2877,19.59702],[83.28807,19.58855],[83.26635,19.60126],[83.26961,19.57714],[83.25297,19.56997],[83.26599,19.55888],[83.26382,19.5478],[83.24826,19.53932],[83.25731,19.52791],[83.24573,19.50444],[83.22836,19.50574],[83.2052,19.47412],[83.20086,19.4601],[83.21931,19.44282],[83.21606,19.43043],[83.20158,19.43923],[83.19616,19.45325],[83.18856,19.4614],[83.18566,19.45716],[83.18385,19.43728],[83.1853,19.42358],[83.1824,19.42423],[83.16938,19.42717],[83.14839,19.46694],[83.15816,19.48324],[83.15635,19.48585],[83.13536,19.5077],[83.12234,19.49759],[83.10714,19.50867],[83.1075,19.50867],[83.11401,19.51454],[83.10243,19.52432],[83.10786,19.53834],[83.08796,19.53704],[83.07059,19.56149],[83.04201,19.55171],[83.02572,19.50933],[83.02536,19.50802],[83.02536,19.50802],[82.99931,19.49759],[82.99714,19.46727],[82.99388,19.46434],[82.98411,19.45488],[82.97904,19.44966],[82.97868,19.44966],[82.9349,19.45162],[82.92259,19.44054],[82.9244,19.4363],[82.93815,19.40337],[82.95588,19.39229],[82.94539,19.3636],[82.95371,19.34664],[82.93815,19.30654],[82.90161,19.28339],[82.91825,19.2384],[82.88424,19.21787],[82.89437,19.21102],[82.88749,19.20091],[82.88713,19.20059],[82.88641,19.20059],[82.87012,19.19504],[82.8647,19.2045],[82.86253,19.20743],[82.86108,19.20482],[82.85637,19.2058],[82.85022,19.20678],[82.83611,19.23677],[82.79848,19.23612],[82.82453,19.25634],[82.82598,19.28242],[82.84118,19.30817],[82.85312,19.30785],[82.84805,19.32382],[82.84624,19.32415],[82.82236,19.32219],[82.8115,19.32773],[82.77966,19.34306],[82.75686,19.32676],[82.7413,19.34958],[82.72574,19.34501],[82.71199,19.3636],[82.70838,19.41934],[82.68956,19.42032],[82.68232,19.43728],[82.674,19.43402],[82.64975,19.45944],[82.64903,19.47738],[82.63311,19.48194],[82.6465,19.5077],[82.60706,19.52074],[82.6161,19.53867],[82.56617,19.54454],[82.55821,19.58203],[82.52926,19.58496],[82.52926,19.58496],[82.54735,19.61202],[82.52455,19.63223],[82.55567,19.64528],[82.57702,19.68081],[82.56761,19.6844],[82.56725,19.68472],[82.57304,19.71407],[82.56363,19.72711],[82.56291,19.72808],[82.60199,19.74699],[82.59475,19.77536],[82.59439,19.77536],[82.59548,19.77699],[82.59511,19.77862],[82.59729,19.77959],[82.62696,19.79361],[82.65229,19.83208],[82.6968,19.83078],[82.71127,19.83991],[82.72466,19.87544],[82.71416,19.87773],[82.70729,19.90218],[82.72032,19.94815],[82.71778,19.9889]]]}},{"type":"Feature","id":"278","properties":{"district_id":"278","district_name":"Kandhamal","code_2digit":"10","bhulekh_id":"10","center":[84.04109,20.13088],"bbox":[83.49505,19.57323,84.58712,20.68853]},"geometry":{"type":"Polygon","coordinates":[[[83.65101,20.3886],[83.65571,20.39838],[83.65824,20.41403],[83.66584,20.4212],[83.67091,20.42609],[83.67489,20.43033],[83.67634,20.42902],[83.69226,20.41403],[83.7194,20.43522],[83.78019,20.40718],[83.78598,20.44206],[83.80624,20.43131],[83.81456,20.4362],[83.81312,20.45478],[83.82831,20.45217],[83.81131,20.46293],[83.79575,20.5089],[83.81927,20.52194],[83.81963,20.54443],[83.84134,20.54509],[83.87355,20.58225],[83.91263,20.57932],[83.92131,20.61029],[83.94085,20.60475],[83.92963,20.59627],[83.93796,20.58421],[83.97957,20.58584],[84.0049,20.56856],[84.06026,20.58975],[84.10477,20.59171],[84.14494,20.57801],[84.17606,20.59921],[84.18583,20.58421],[84.22527,20.58193],[84.25675,20.60181],[84.27195,20.63605],[84.28063,20.63539],[84.27665,20.67223],[84.31754,20.68821],[84.31827,20.68853],[84.32008,20.68723],[84.35698,20.67093],[84.36893,20.65072],[84.37978,20.58845],[84.39426,20.57606],[84.38123,20.55845],[84.3881,20.53042],[84.4337,20.5089],[84.42574,20.48542],[84.45541,20.46619],[84.46482,20.44598],[84.46482,20.44565],[84.46482,20.44141],[84.46373,20.39773],[84.48182,20.38403],[84.51005,20.39512],[84.52054,20.3811],[84.51837,20.36904],[84.48327,20.34784],[84.4934,20.3335],[84.51186,20.33774],[84.51475,20.31916],[84.54298,20.32307],[84.55202,20.28395],[84.54225,20.25069],[84.5437,20.24874],[84.58676,20.1744],[84.58712,20.17343],[84.55818,20.15745],[84.56071,20.13919],[84.52597,20.14408],[84.52308,20.15256],[84.50896,20.13659],[84.48689,20.14082],[84.4536,20.1669],[84.45867,20.18614],[84.45939,20.1881],[84.45939,20.1881],[84.4583,20.18973],[84.45143,20.19983],[84.4507,20.19983],[84.43514,20.20048],[84.43478,20.20048],[84.44166,20.14669],[84.40439,20.08344],[84.41814,20.04954],[84.3635,20.02574],[84.35771,20.03291],[84.32261,19.9902],[84.32225,19.9902],[84.33563,19.97814],[84.3559,19.98955],[84.38991,19.95597],[84.40475,19.96249],[84.46373,19.95336],[84.46156,19.85719],[84.44419,19.8448],[84.44419,19.83567],[84.43551,19.83697],[84.43153,19.83991],[84.41271,19.84056],[84.3787,19.84578],[84.35843,19.86338],[84.32442,19.87218],[84.30632,19.9087],[84.27448,19.87968],[84.1851,19.86045],[84.19994,19.83534],[84.17389,19.82328],[84.1652,19.80535],[84.17316,19.79329],[84.13046,19.78025],[84.15977,19.73852],[84.1529,19.72482],[84.18148,19.73754],[84.20139,19.73395],[84.18908,19.70591],[84.19922,19.68701],[84.23902,19.66516],[84.24734,19.64462],[84.22418,19.62702],[84.2354,19.59507],[84.23395,19.57323],[84.2155,19.58496],[84.20501,19.57975],[84.20681,19.59213],[84.20356,19.59311],[84.1529,19.58333],[84.1301,19.62995],[84.10586,19.62311],[84.08306,19.63289],[84.04326,19.62734],[84.02733,19.6368],[84.0096,19.61887],[84.00345,19.62865],[83.96654,19.62376],[83.95496,19.63615],[83.94013,19.63517],[83.92384,19.66353],[83.93615,19.67136],[83.92312,19.67755],[83.91118,19.67625],[83.87282,19.67168],[83.85401,19.6857],[83.84496,19.70917],[83.83266,19.70689],[83.81456,19.72059],[83.79141,19.71081],[83.76644,19.71602],[83.76318,19.67657],[83.74219,19.65506],[83.7288,19.65473],[83.72265,19.67168],[83.69515,19.69092],[83.64775,19.65799],[83.63472,19.67136],[83.64377,19.69646],[83.63219,19.73069],[83.62568,19.74471],[83.60795,19.75025],[83.62133,19.77536],[83.61916,19.81448],[83.60686,19.81611],[83.59998,19.83437],[83.58551,19.82296],[83.52798,19.85491],[83.52798,19.85556],[83.52689,19.87773],[83.55982,19.92989],[83.49975,19.95825],[83.49577,19.96021],[83.49505,19.96054],[83.50047,19.99379],[83.52327,20.01661],[83.54245,20.02052],[83.55439,20.05378],[83.5685,20.05638],[83.57212,20.0854],[83.58804,20.09909],[83.58442,20.11409],[83.63581,20.08736],[83.67597,20.11083],[83.71071,20.10138],[83.71578,20.12909],[83.72663,20.12517],[83.73279,20.14734],[83.76246,20.16397],[83.77367,20.15941],[83.78996,20.17864],[83.78272,20.21255],[83.7317,20.20961],[83.74038,20.222],[83.71903,20.237],[83.71759,20.29014],[83.70058,20.35176],[83.70565,20.36806],[83.65354,20.38468],[83.6539,20.38729],[83.65101,20.3886]]]}},{"type":"Feature","id":"200","properties":{"district_id":"200","district_name":"Kendrapada","code_2digit":"19","bhulekh_id":"19","center":[86.65187,20.54672],"bbox":[86.24804,20.29699,87.05569,20.79645]},"geometry":{"type":"Polygon","coordinates":[[[86.62183,20.79514],[86.63015,20.79514],[86.63088,20.79612],[86.63196,20.79514],[86.64644,20.78601],[86.64644,20.78601],[86.6591,20.79645],[86.70614,20.77689],[86.71049,20.75961],[86.75825,20.76678],[86.76006,20.7671],[86.76151,20.76417],[86.76368,20.75928],[86.76513,20.75635],[86.75463,20.74363],[86.75644,20.73939],[86.76187,20.73581],[86.77634,20.73744],[86.78105,20.74135],[86.79154,20.73874],[86.79805,20.73711],[86.80602,20.73515],[86.8194,20.73222],[86.82845,20.75569],[86.86102,20.77493],[86.90227,20.76254],[87.02204,20.77036],[87.04122,20.75895],[87.03977,20.74233],[87.05569,20.71494],[86.78865,20.534],[86.76549,20.50401],[86.7521,20.51803],[86.75789,20.49423],[86.74776,20.47304],[86.72315,20.48021],[86.73618,20.4613],[86.73075,20.41142],[86.70976,20.3961],[86.7246,20.37816],[86.73618,20.39707],[86.74378,20.37882],[86.76947,20.39349],[86.78249,20.3824],[86.79154,20.43326],[86.8024,20.44402],[86.79444,20.4939],[86.80023,20.48738],[86.81036,20.45119],[86.79154,20.38762],[86.79733,20.37816],[86.79733,20.39642],[86.80457,20.39121],[86.79769,20.40066],[86.80529,20.39903],[86.81,20.3749],[86.77634,20.34556],[86.7767,20.33546],[86.7767,20.33448],[86.72315,20.29862],[86.69746,20.29699],[86.66417,20.32894],[86.6041,20.341],[86.54837,20.32437],[86.52015,20.34132],[86.4988,20.32828],[86.47311,20.33676],[86.45212,20.33024],[86.39386,20.36545],[86.38952,20.35404],[86.36564,20.35763],[86.35985,20.35534],[86.35912,20.35045],[86.35551,20.35371],[86.33597,20.37034],[86.31751,20.35404],[86.31606,20.35534],[86.30955,20.36154],[86.273,20.3573],[86.26902,20.37262],[86.24804,20.3648],[86.24876,20.36741],[86.25165,20.37979],[86.25744,20.3749],[86.26142,20.38697],[86.273,20.38795],[86.2654,20.40555],[86.27771,20.4225],[86.26866,20.42544],[86.27517,20.44663],[86.26468,20.45119],[86.27409,20.45478],[86.26251,20.48542],[86.27771,20.49618],[86.2683,20.50825],[86.27662,20.51835],[86.24948,20.53628],[86.24912,20.53857],[86.27083,20.55878],[86.26396,20.56041],[86.26613,20.56334],[86.27264,20.56432],[86.28024,20.58127],[86.28024,20.58127],[86.28024,20.58127],[86.31462,20.58095],[86.31968,20.6305],[86.33018,20.60899],[86.37686,20.59399],[86.40001,20.62431],[86.42209,20.62496],[86.42643,20.64517],[86.45067,20.64746],[86.45212,20.67517],[86.46877,20.68919],[86.48758,20.67941],[86.5111,20.68723],[86.514,20.69929],[86.52594,20.68821],[86.55597,20.70647],[86.5462,20.72146],[86.56104,20.73809],[86.53824,20.7345],[86.54114,20.75243],[86.56466,20.77428],[86.61677,20.77493],[86.61749,20.77493],[86.61821,20.77754],[86.62473,20.79253],[86.62183,20.79514]]]}},{"type":"Feature","id":"224","properties":{"district_id":"224","district_name":"Keonjhar","code_2digit":"07","bhulekh_id":"7","center":[85.77835,21.58932],"bbox":[85.18455,21.01553,86.37215,22.16312]},"geometry":{"type":"Polygon","coordinates":[[[86.36672,21.23657],[86.36672,21.23624],[86.35514,21.23624],[86.35442,21.23624],[86.35442,21.23624],[86.35297,21.20006],[86.35261,21.19028],[86.34537,21.18604],[86.33271,21.17887],[86.31498,21.16811],[86.31425,21.16843],[86.29399,21.1743],[86.28024,21.15474],[86.27554,21.14431],[86.28386,21.13159],[86.31317,21.11138],[86.30955,21.0853],[86.32656,21.06476],[86.32837,21.06248],[86.32801,21.06052],[86.32692,21.05759],[86.32511,21.0527],[86.31679,21.05628],[86.30847,21.01716],[86.28422,21.02107],[86.28639,21.01553],[86.27083,21.02988],[86.13369,21.0765],[86.11306,21.05498],[86.09316,21.054],[86.08954,21.01977],[86.04938,21.02172],[86.02911,21.07193],[86.05336,21.11627],[86.07688,21.12964],[86.07471,21.15344],[86.08484,21.16909],[86.0653,21.15213],[86.03671,21.16061],[86.0273,21.13811],[85.9752,21.143],[85.94227,21.12866],[85.92888,21.13616],[85.91694,21.09247],[85.88799,21.08628],[85.88727,21.08628],[85.88618,21.08628],[85.82213,21.09084],[85.80693,21.10649],[85.77871,21.10551],[85.77401,21.10551],[85.76206,21.14496],[85.7617,21.14496],[85.7447,21.143],[85.74035,21.13942],[85.71177,21.13877],[85.72805,21.14137],[85.70562,21.16876],[85.70742,21.18115],[85.68354,21.18571],[85.66328,21.16648],[85.62528,21.16093],[85.60647,21.13648],[85.54531,21.16713],[85.49791,21.11529],[85.4715,21.12018],[85.46824,21.12279],[85.39514,21.1818],[85.3937,21.18343],[85.39334,21.18343],[85.39334,21.18343],[85.3832,21.20364],[85.36004,21.24472],[85.29744,21.27569],[85.28659,21.26396],[85.2703,21.27406],[85.2703,21.27439],[85.27067,21.28026],[85.27175,21.30275],[85.27284,21.30243],[85.28442,21.29819],[85.31517,21.33014],[85.32567,21.32036],[85.34268,21.366],[85.32639,21.39045],[85.30504,21.39632],[85.30396,21.41621],[85.27248,21.42794],[85.25511,21.45142],[85.26307,21.45729],[85.30577,21.44685],[85.3083,21.46185],[85.33399,21.48108],[85.33399,21.48174],[85.32205,21.53194],[85.32096,21.53455],[85.30251,21.53129],[85.30034,21.5489],[85.29998,21.55379],[85.31228,21.56911],[85.28623,21.58443],[85.28297,21.59291],[85.29383,21.59943],[85.2685,21.62225],[85.25511,21.67409],[85.20951,21.67539],[85.20155,21.66072],[85.19106,21.66072],[85.19106,21.66105],[85.19142,21.66137],[85.19287,21.69658],[85.18455,21.70897],[85.21494,21.73831],[85.20011,21.76211],[85.22652,21.82014],[85.24497,21.80352],[85.29093,21.83742],[85.30975,21.81949],[85.34087,21.82471],[85.36403,21.85927],[85.36403,21.85927],[85.37814,21.93555],[85.31409,21.9587],[85.29021,21.95512],[85.27899,21.95838],[85.2334,21.99587],[85.23412,21.99717],[85.23919,22.00956],[85.23846,22.00989],[85.27501,22.08226],[85.27935,22.08683],[85.28116,22.09041],[85.29383,22.1015],[85.31481,22.12008],[85.32314,22.12758],[85.33399,22.12628],[85.36656,22.12301],[85.3662,22.15301],[85.3662,22.15888],[85.37018,22.15953],[85.3785,22.16051],[85.39768,22.16312],[85.40853,22.15888],[85.49212,22.12497],[85.51709,22.11486],[85.52179,22.11095],[85.54531,22.08976],[85.56268,22.0953],[85.59923,22.07835],[85.65387,22.0927],[85.65604,22.09335],[85.68101,22.0614],[85.68029,22.06042],[85.68318,22.05716],[85.6792,22.05618],[85.66436,22.03303],[85.67124,22.01315],[85.70453,22.00402],[85.69946,21.9913],[85.70779,21.98413],[85.70779,21.98446],[85.74035,21.99228],[85.74976,21.97696],[85.79572,21.95088],[85.78993,21.90328],[85.8073,21.88698],[85.812,21.81036],[85.87496,21.79504],[85.9021,21.76602],[85.93829,21.76244],[85.96796,21.73929],[86.01609,21.75038],[86.02803,21.72397],[86.02658,21.69495],[86.03744,21.69202],[86.05155,21.71712],[86.05951,21.69267],[86.08448,21.69137],[86.07362,21.66072],[86.08086,21.62877],[86.04865,21.57693],[86.0179,21.56031],[86.02115,21.54922],[86.00849,21.53357],[86.13116,21.47098],[86.16481,21.42338],[86.13839,21.40088],[86.12211,21.37187],[86.12537,21.35883],[86.10691,21.35003],[86.10691,21.32525],[86.09135,21.31156],[86.10836,21.3034],[86.11632,21.27276],[86.11632,21.27276],[86.13767,21.26461],[86.13839,21.27993],[86.1583,21.29102],[86.18978,21.2708],[86.20896,21.28026],[86.22669,21.32297],[86.26758,21.36078],[86.26938,21.37937],[86.35804,21.31416],[86.35949,21.30699],[86.36021,21.30308],[86.35804,21.3021],[86.35297,21.28352],[86.37215,21.25841],[86.36672,21.23657]]]}},{"type":"Feature","id":"234","properties":{"district_id":"234","district_name":"Khurda","code_2digit":"20","bhulekh_id":"20","center":[85.50804,20.05312],"bbox":[84.93487,19.67233,86.08122,20.43391]},"geometry":{"type":"Polygon","coordinates":[[[85.33001,20.2784],[85.33435,20.27808],[85.35462,20.27253],[85.36185,20.27645],[85.38176,20.28688],[85.39659,20.26862],[85.3984,20.25786],[85.40274,20.26112],[85.41939,20.27351],[85.45123,20.26438],[85.45919,20.29731],[85.51058,20.29112],[85.52433,20.30579],[85.54857,20.30188],[85.55038,20.31296],[85.56522,20.29959],[85.62347,20.29242],[85.64301,20.32568],[85.66473,20.33187],[85.67703,20.32437],[85.71611,20.40425],[85.76749,20.41598],[85.77111,20.40392],[85.77184,20.40425],[85.78522,20.41174],[85.78522,20.43391],[85.79861,20.43261],[85.81634,20.43098],[85.82358,20.40848],[85.82394,20.40848],[85.86592,20.40001],[85.87894,20.3573],[85.8974,20.37197],[85.89957,20.35371],[85.92671,20.32959],[85.92743,20.31329],[85.91549,20.32763],[85.91006,20.31948],[85.93829,20.28264],[85.93105,20.2709],[85.94987,20.27123],[85.98967,20.22591],[86.00415,20.22461],[86.01717,20.18614],[86.02767,20.18223],[86.02151,20.16756],[86.03744,20.17929],[86.05336,20.16397],[86.04431,20.14082],[86.03273,20.14082],[86.03165,20.14082],[86.03309,20.13985],[86.04431,20.13137],[86.08086,20.10431],[86.08122,20.10366],[86.07579,20.10333],[86.07145,20.10692],[86.02369,20.09974],[86.00487,20.11409],[85.99908,20.10692],[85.95964,20.12191],[85.9524,20.11246],[85.9477,20.11931],[85.92454,20.11311],[85.90464,20.12583],[85.89921,20.11018],[85.8822,20.11148],[85.87207,20.12354],[85.90355,20.15191],[85.88727,20.18353],[85.8518,20.20374],[85.8424,20.19788],[85.85687,20.1907],[85.85615,20.17473],[85.84421,20.17571],[85.83733,20.19168],[85.82539,20.15908],[85.80585,20.16136],[85.80006,20.15028],[85.76351,20.16853],[85.7646,20.15354],[85.75266,20.14669],[85.75917,20.13985],[85.72841,20.14963],[85.72045,20.1418],[85.72479,20.12811],[85.719,20.14311],[85.70344,20.14245],[85.69042,20.15843],[85.6745,20.1242],[85.69223,20.09551],[85.67124,20.08768],[85.6792,20.0678],[85.64989,20.06714],[85.64917,20.09714],[85.6318,20.10268],[85.64374,20.08181],[85.61877,20.06877],[85.61226,20.0378],[85.63071,20.02215],[85.6137,19.99281],[85.60647,19.99575],[85.61443,20.01954],[85.59127,19.99705],[85.57173,20.02574],[85.57028,19.99835],[85.56196,19.99575],[85.57064,19.9801],[85.55508,19.97455],[85.5663,19.9726],[85.56377,19.95467],[85.55038,19.95271],[85.55219,19.96282],[85.53156,19.95858],[85.52614,19.97847],[85.50587,19.95271],[85.52071,19.93967],[85.50732,19.92761],[85.5265,19.94391],[85.53301,19.92696],[85.57028,19.91522],[85.56413,19.85295],[85.50225,19.86827],[85.50262,19.88457],[85.43821,19.88327],[85.38646,19.83143],[85.35932,19.8223],[85.32929,19.78514],[85.25257,19.76753],[85.24968,19.74406],[85.22109,19.7421],[85.21965,19.74015],[85.2153,19.73493],[85.20264,19.71896],[85.20011,19.70917],[85.19902,19.70526],[85.19866,19.70363],[85.21277,19.68635],[85.18237,19.67233],[85.18237,19.67233],[85.18237,19.67266],[85.18274,19.6782],[85.13787,19.73917],[85.08395,19.77047],[85.07237,19.79459],[85.04487,19.80633],[85.00434,19.8047],[84.98408,19.82035],[84.96924,19.85458],[84.93487,19.87512],[84.93993,19.89729],[84.93993,19.89729],[84.94464,19.89761],[85.02605,19.9012],[85.12303,19.9338],[85.16175,19.90446],[85.16356,19.90479],[85.2106,19.91228],[85.24317,19.90609],[85.32784,19.92598],[85.36041,19.95662],[85.38284,19.95206],[85.38393,19.94032],[85.41794,19.92402],[85.43024,19.93967],[85.43531,19.93967],[85.45485,19.97064],[85.45015,19.98368],[85.43712,19.9964],[85.41468,19.99411],[85.43567,20.02867],[85.41505,20.02476],[85.41468,20.03324],[85.40021,20.03519],[85.38031,20.07073],[85.38429,20.09192],[85.40093,20.09062],[85.41577,20.1268],[85.41324,20.12746],[85.38755,20.13691],[85.38537,20.15615],[85.35534,20.14376],[85.36981,20.17082],[85.36837,20.17375],[85.3633,20.18386],[85.36149,20.18744],[85.3586,20.18744],[85.35389,20.18744],[85.34666,20.18744],[85.33978,20.17114],[85.32748,20.17995],[85.32748,20.17995],[85.32458,20.17799],[85.31337,20.17016],[85.31264,20.16951],[85.31192,20.15484],[85.27139,20.14865],[85.27103,20.14865],[85.24353,20.11865],[85.2352,20.11898],[85.21205,20.13137],[85.203,20.15582],[85.21313,20.17049],[85.20083,20.18451],[85.20011,20.18842],[85.20553,20.19788],[85.22254,20.22102],[85.22761,20.22265],[85.23231,20.21939],[85.24425,20.21059],[85.24497,20.20994],[85.2457,20.21092],[85.25438,20.22624],[85.25655,20.22657],[85.32241,20.22983],[85.32603,20.24482],[85.33833,20.24645],[85.33978,20.25134],[85.34014,20.25265],[85.34087,20.25493],[85.32422,20.25819],[85.32893,20.2771],[85.33001,20.2784]]]}},{"type":"Feature","id":"120","properties":{"district_id":"120","district_name":"Koraput","code_2digit":"08","bhulekh_id":"8","center":[82.75089,18.72444],"bbox":[82.08888,18.23753,83.41291,19.21134]},"geometry":{"type":"Polygon","coordinates":[[[82.85637,19.2058],[82.86108,19.20482],[82.86253,19.20743],[82.8647,19.2045],[82.87012,19.19504],[82.87085,19.19439],[82.89799,19.17418],[82.90161,19.15527],[82.92006,19.16244],[82.95516,19.15592],[82.97904,19.17255],[82.97904,19.17059],[82.98049,19.13832],[83.0051,19.12071],[83.00944,19.09561],[83.02862,19.08648],[83.02174,19.06138],[83.06516,19.0441],[83.07385,19.08126],[83.10099,19.11126],[83.12017,19.08974],[83.12957,19.09333],[83.13573,19.13636],[83.16178,19.12169],[83.17553,19.14516],[83.20122,19.1481],[83.19833,19.16896],[83.22004,19.16114],[83.22691,19.1732],[83.25731,19.16375],[83.24103,19.14516],[83.24464,19.12788],[83.2251,19.12267],[83.22076,19.13832],[83.20556,19.13245],[83.17879,19.09822],[83.18964,19.09626],[83.1853,19.08094],[83.19543,19.07605],[83.18458,19.01378],[83.19652,18.99128],[83.1853,18.96096],[83.20086,18.96031],[83.23704,18.98933],[83.23451,19.02649],[83.26057,19.03856],[83.26455,19.04703],[83.26816,19.05453],[83.25948,19.06757],[83.27938,19.12332],[83.28155,19.12169],[83.28481,19.11941],[83.2877,19.1168],[83.29856,19.12267],[83.32715,19.10017],[83.3409,19.10213],[83.34054,19.06072],[83.36261,19.04768],[83.34741,19.01834],[83.33692,18.9978],[83.30869,18.99976],[83.31701,18.974],[83.33294,18.96944],[83.33728,18.95346],[83.33583,18.95151],[83.3304,18.94368],[83.32498,18.93586],[83.32715,18.93293],[83.3485,18.9264],[83.35031,18.96553],[83.35067,18.96553],[83.35863,18.96487],[83.36514,18.96422],[83.36514,18.96324],[83.36948,18.94368],[83.35067,18.94434],[83.35537,18.92608],[83.36297,18.91467],[83.38939,18.9101],[83.38794,18.9088],[83.37636,18.89804],[83.41291,18.87457],[83.40386,18.84327],[83.37744,18.83186],[83.36369,18.84392],[83.32642,18.81882],[83.32896,18.80708],[83.30688,18.81034],[83.28264,18.79861],[83.26961,18.76535],[83.22293,18.77546],[83.22402,18.76796],[83.22619,18.75785],[83.22583,18.75688],[83.21063,18.73145],[83.20448,18.75231],[83.17589,18.77187],[83.15454,18.76926],[83.13609,18.78589],[83.11329,18.76894],[83.12017,18.75851],[83.07095,18.70667],[83.05612,18.66624],[83.01523,18.64864],[83.01776,18.63592],[82.99894,18.62158],[82.99894,18.60854],[83.01342,18.60593],[83.01161,18.59517],[83.02391,18.58963],[83.05105,18.60006],[83.05105,18.58898],[83.02789,18.57463],[83.04345,18.54529],[83.06191,18.54203],[83.08615,18.55409],[83.09303,18.54757],[83.05322,18.48661],[83.01921,18.45726],[83.03911,18.44162],[83.04056,18.42531],[83.05865,18.43673],[83.06553,18.43118],[83.05539,18.42042],[83.07421,18.40478],[83.0771,18.40347],[83.05503,18.38293],[83.05358,18.38163],[83.02029,18.39239],[82.99496,18.38619],[82.96855,18.36076],[82.93815,18.36141],[82.89401,18.38163],[82.89509,18.42401],[82.85095,18.42108],[82.84588,18.43379],[82.8296,18.44096],[82.81187,18.44879],[82.8068,18.4514],[82.80463,18.44977],[82.78038,18.43151],[82.78509,18.4113],[82.79775,18.40738],[82.79196,18.38684],[82.78075,18.38261],[82.78871,18.36402],[82.77242,18.3412],[82.66495,18.29882],[82.64107,18.30273],[82.65048,18.28187],[82.64071,18.26459],[82.65084,18.25089],[82.636,18.23753],[82.58607,18.27665],[82.59692,18.30501],[82.57956,18.31577],[82.59331,18.32947],[82.60706,18.32784],[82.60199,18.35229],[82.62117,18.35978],[82.60597,18.36598],[82.59475,18.38913],[82.53577,18.40641],[82.53577,18.40706],[82.54337,18.41879],[82.55676,18.44096],[82.56074,18.44748],[82.56146,18.44846],[82.54084,18.45824],[82.53867,18.44455],[82.51949,18.46574],[82.53432,18.4778],[82.53215,18.51073],[82.53215,18.51106],[82.53215,18.51106],[82.5032,18.51399],[82.48511,18.52834],[82.48656,18.55018],[82.48547,18.54953],[82.43807,18.51595],[82.4283,18.48595],[82.4283,18.48595],[82.4283,18.48595],[82.38777,18.49965],[82.38741,18.5016],[82.38307,18.52247],[82.40297,18.52605],[82.41455,18.56289],[82.38632,18.58343],[82.38524,18.59126],[82.4084,18.60234],[82.39465,18.62158],[82.38524,18.62223],[82.36425,18.62321],[82.36353,18.62321],[82.31251,18.57561],[82.28754,18.58343],[82.26691,18.58963],[82.26583,18.59028],[82.26474,18.59158],[82.23796,18.62158],[82.2329,18.62679],[82.22928,18.63103],[82.23109,18.63494],[82.2224,18.67178],[82.17102,18.63853],[82.16053,18.6695],[82.14605,18.66494],[82.13086,18.67896],[82.14352,18.69395],[82.13013,18.72167],[82.09178,18.73829],[82.09141,18.73862],[82.0896,18.75231],[82.08888,18.76014],[82.09069,18.76046],[82.13339,18.76535],[82.13339,18.78035],[82.15908,18.78817],[82.16885,18.8361],[82.16053,18.87881],[82.16089,18.87913],[82.17681,18.88728],[82.17609,18.90261],[82.18043,18.90489],[82.21842,18.92249],[82.24593,18.91923],[82.2329,19.01802],[82.20214,19.06659],[82.21734,19.09561],[82.20504,19.09724],[82.20576,19.12104],[82.21227,19.1181],[82.23543,19.12202],[82.22964,19.14386],[82.25859,19.14223],[82.27524,19.15657],[82.28573,19.1481],[82.31142,19.17711],[82.34037,19.16798],[82.35267,19.18429],[82.40188,19.16538],[82.41165,19.18559],[82.44024,19.17124],[82.46014,19.18461],[82.48873,19.18037],[82.51804,19.20254],[82.5687,19.1983],[82.5734,19.20939],[82.57449,19.21134],[82.57956,19.19504],[82.58788,19.20254],[82.60525,19.18135],[82.61574,19.18168],[82.6161,19.15853],[82.61864,19.15657],[82.62551,19.15201],[82.62551,19.15429],[82.6237,19.16049],[82.62623,19.16114],[82.62804,19.16146],[82.63311,19.16212],[82.63492,19.15723],[82.63709,19.15592],[82.63709,19.17548],[82.65374,19.18885],[82.66857,19.18396],[82.67943,19.19733],[82.68558,19.18592],[82.7015,19.19081],[82.72502,19.17418],[82.72285,19.16114],[82.73624,19.15723],[82.74963,19.1732],[82.76121,19.16472],[82.78835,19.1732],[82.79196,19.15527],[82.80318,19.15136],[82.81729,19.17027],[82.82272,19.14777],[82.83285,19.1895],[82.84262,19.20059],[82.85384,19.19341],[82.85637,19.2058],[82.85637,19.2058]]]}},{"type":"Feature","id":"116","properties":{"district_id":"116","district_name":"Malkanagiri","code_2digit":"25","bhulekh_id":"25","center":[81.90868,18.27551],"bbox":[81.38905,17.81273,82.4283,18.73829]},"geometry":{"type":"Polygon","coordinates":[[[82.09178,18.73829],[82.13013,18.72167],[82.14352,18.69395],[82.13086,18.67896],[82.14605,18.66494],[82.16053,18.6695],[82.17102,18.63853],[82.2224,18.67178],[82.23109,18.63494],[82.22928,18.63103],[82.2329,18.62679],[82.23796,18.62158],[82.26474,18.59158],[82.26583,18.59028],[82.26691,18.58963],[82.28754,18.58343],[82.31251,18.57561],[82.36353,18.62321],[82.36425,18.62321],[82.38524,18.62223],[82.39465,18.62158],[82.4084,18.60234],[82.38524,18.59126],[82.38632,18.58343],[82.41455,18.56289],[82.40297,18.52605],[82.38307,18.52247],[82.38741,18.5016],[82.38777,18.49965],[82.4283,18.48595],[82.36244,18.42238],[82.378,18.40445],[82.38379,18.36826],[82.33747,18.32816],[82.33639,18.32751],[82.35412,18.31675],[82.38741,18.32914],[82.39067,18.29882],[82.37475,18.28154],[82.3429,18.28121],[82.33494,18.24144],[82.32264,18.23199],[82.3353,18.22514],[82.30925,18.20493],[82.31395,18.18471],[82.35159,18.17232],[82.37077,18.14885],[82.36172,18.13548],[82.33711,18.14755],[82.33422,18.10647],[82.35014,18.07745],[82.34218,18.05887],[82.33241,18.05202],[82.32047,18.0605],[82.3183,18.0455],[82.29695,18.05594],[82.3002,18.06995],[82.27089,18.05789],[82.26004,18.04257],[82.27162,18.02333],[82.26764,17.99921],[82.24954,17.99301],[82.20431,18.01942],[82.17681,18.02138],[82.1826,18.02953],[82.16704,18.05268],[82.13556,18.04453],[82.13194,18.0605],[82.10046,18.06083],[82.07513,18.07582],[82.06029,18.05691],[82.03894,18.05789],[82.03135,18.07028],[82.03062,18.06995],[82.02519,18.06735],[82.0071,18.05854],[82.0071,18.05789],[82.00855,18.03181],[82.00746,18.03148],[81.97779,18.01518],[81.97996,18.01258],[81.97924,18.01225],[81.97743,18.01518],[81.95934,18.00051],[81.92026,17.99627],[81.90361,17.9816],[81.80917,17.95683],[81.80881,17.9565],[81.78782,17.92585],[81.71581,17.87565],[81.7111,17.87402],[81.70604,17.88771],[81.70025,17.90206],[81.69989,17.90271],[81.68758,17.88641],[81.66804,17.88282],[81.66225,17.88152],[81.64308,17.84402],[81.64163,17.84142],[81.61738,17.82316],[81.57432,17.83881],[81.56347,17.82707],[81.49218,17.81273],[81.47626,17.83848],[81.44587,17.82544],[81.43573,17.83261],[81.41692,17.81403],[81.39991,17.82022],[81.39774,17.8212],[81.39738,17.81859],[81.39195,17.81533],[81.38942,17.82903],[81.38905,17.83],[81.40389,17.85315],[81.39412,17.86945],[81.39991,17.89195],[81.40027,17.89358],[81.44478,17.88575],[81.44912,17.93205],[81.48277,17.97671],[81.48097,18.05137],[81.51317,18.09995],[81.51353,18.1394],[81.52583,18.15342],[81.50702,18.18634],[81.53054,18.24046],[81.52547,18.25807],[81.56419,18.27535],[81.59748,18.30893],[81.66225,18.32131],[81.64959,18.33696],[81.659,18.34674],[81.75018,18.35359],[81.76936,18.41879],[81.85476,18.49019],[81.86815,18.52508],[81.90904,18.53779],[81.90144,18.54855],[81.91085,18.57072],[81.95065,18.57007],[81.96368,18.59061],[81.92786,18.61995],[81.89456,18.62908],[81.89384,18.65744],[81.89927,18.66037],[81.90072,18.66135],[81.9217,18.64309],[81.94884,18.64375],[81.96911,18.67341],[81.96078,18.68874],[81.97019,18.69819],[82.03098,18.72395],[82.0849,18.71873],[82.09178,18.73829]]]}},{"type":"Feature","id":"282","properties":{"district_id":"282","district_name":"Mayurbhanj","code_2digit":"09","bhulekh_id":"9","center":[86.42498,21.91567],"bbox":[85.66436,21.26461,87.1856,22.56673]},"geometry":{"type":"Polygon","coordinates":[[[87.10093,21.86383],[87.10853,21.85601],[87.178,21.8133],[87.1856,21.79178],[87.17474,21.81134],[87.17366,21.78819],[87.16425,21.78819],[87.15918,21.77124],[87.1306,21.77874],[87.12445,21.77189],[87.11721,21.78917],[87.10382,21.78396],[87.10201,21.77157],[87.12228,21.75429],[87.09441,21.74744],[87.09586,21.7331],[87.08464,21.73799],[87.09369,21.72592],[87.08681,21.72984],[87.08718,21.71582],[87.06981,21.70767],[87.04629,21.71386],[87.04629,21.73962],[87.0253,21.74288],[87.03652,21.69821],[87.05171,21.68322],[87.05208,21.68256],[87.03254,21.67376],[87.03073,21.66105],[87.01589,21.67409],[87.00142,21.67409],[86.99056,21.67115],[86.98948,21.65518],[86.98948,21.65322],[87.01191,21.64898],[87.00395,21.62616],[86.99309,21.63562],[86.98622,21.62845],[87.00612,21.60073],[87.0054,21.60041],[86.96053,21.58085],[86.96306,21.59389],[86.9551,21.59584],[86.95727,21.57367],[86.92072,21.59128],[86.91023,21.58085],[86.90118,21.61214],[86.89141,21.61247],[86.87549,21.63823],[86.87332,21.62225],[86.88671,21.61247],[86.86464,21.59095],[86.85667,21.60334],[86.84365,21.5991],[86.83026,21.60888],[86.7995,21.60758],[86.7948,21.5978],[86.7398,21.60562],[86.69312,21.58508],[86.68298,21.59682],[86.66417,21.57824],[86.64861,21.58085],[86.63739,21.53357],[86.60989,21.51858],[86.58203,21.52216],[86.52992,21.42664],[86.5292,21.42566],[86.52703,21.42371],[86.45755,21.36535],[86.42969,21.34187],[86.41051,21.32557],[86.40472,21.32068],[86.36057,21.30177],[86.36021,21.30308],[86.35949,21.30699],[86.35804,21.31416],[86.26938,21.37937],[86.26758,21.36078],[86.22669,21.32297],[86.20896,21.28026],[86.18978,21.2708],[86.1583,21.29102],[86.13839,21.27993],[86.13767,21.26461],[86.11632,21.27276],[86.11632,21.27276],[86.10836,21.3034],[86.09135,21.31156],[86.10691,21.32525],[86.10691,21.35003],[86.12537,21.35883],[86.12211,21.37187],[86.13839,21.40088],[86.16481,21.42338],[86.13116,21.47098],[86.00849,21.53357],[86.02115,21.54922],[86.0179,21.56031],[86.04865,21.57693],[86.08086,21.62877],[86.07362,21.66072],[86.08448,21.69137],[86.05951,21.69267],[86.05155,21.71712],[86.03744,21.69202],[86.02658,21.69495],[86.02803,21.72397],[86.01609,21.75038],[85.96796,21.73929],[85.93829,21.76244],[85.9021,21.76602],[85.87496,21.79504],[85.812,21.81036],[85.8073,21.88698],[85.78993,21.90328],[85.79572,21.95088],[85.74976,21.97696],[85.74035,21.99228],[85.70779,21.98446],[85.70779,21.98413],[85.69946,21.9913],[85.70453,22.00402],[85.67124,22.01315],[85.66436,22.03303],[85.6792,22.05618],[85.68318,22.05716],[85.7494,22.07346],[85.80874,22.11519],[85.80983,22.11584],[85.82286,22.10639],[85.81526,22.09498],[85.83516,22.09302],[85.83842,22.07965],[85.81815,22.07346],[85.79572,22.08063],[85.77726,22.05553],[85.78341,22.0314],[85.76134,22.01086],[85.76605,21.99489],[85.78414,21.98446],[85.81779,21.98544],[85.82575,21.975],[85.89667,21.98381],[85.90934,21.97468],[85.91802,22.00923],[85.93069,22.02325],[85.94372,22.02032],[86.00921,22.11584],[85.99655,22.13247],[86.03128,22.18985],[85.97375,22.24723],[85.98967,22.2544],[85.98822,22.26712],[86.01717,22.29711],[86.04431,22.30852],[86.01572,22.31243],[86.02911,22.33427],[85.99799,22.34145],[86.02477,22.37372],[86.02658,22.39231],[86.0179,22.42589],[85.98967,22.43404],[85.98641,22.43501],[85.98026,22.44121],[85.96868,22.45327],[85.95783,22.46403],[85.9571,22.46468],[85.9571,22.46468],[85.95747,22.46533],[85.96253,22.48522],[85.98461,22.51522],[86.02839,22.52402],[86.03382,22.53445],[86.02405,22.54456],[86.04612,22.56673],[86.05336,22.56314],[86.06675,22.55695],[86.06675,22.55695],[86.06892,22.55597],[86.11849,22.48685],[86.11849,22.48653],[86.20787,22.47348],[86.22596,22.45295],[86.26938,22.44219],[86.2835,22.44773],[86.32294,22.38481],[86.35949,22.34862],[86.42969,22.31667],[86.43258,22.30656],[86.44452,22.30591],[86.44669,22.32775],[86.44742,22.32743],[86.4637,22.32515],[86.49627,22.34666],[86.49663,22.34732],[86.49699,22.34666],[86.51002,22.3271],[86.5292,22.32286],[86.53426,22.30102],[86.54078,22.30819],[86.55489,22.29841],[86.58239,22.30167],[86.58275,22.30037],[86.59578,22.27755],[86.61278,22.28244],[86.64644,22.26777],[86.64644,22.26777],[86.65006,22.25407],[86.65512,22.2368],[86.65983,22.2381],[86.67068,22.24234],[86.67141,22.24103],[86.67249,22.24136],[86.68552,22.22278],[86.72713,22.21723],[86.72713,22.21691],[86.72677,22.21593],[86.72677,22.21593],[86.72677,22.21593],[86.7217,22.14681],[86.7948,22.15725],[86.80421,22.1504],[86.80203,22.13051],[86.81398,22.12595],[86.80891,22.1191],[86.82845,22.1178],[86.83786,22.09759],[86.96487,22.08585],[86.99273,22.05488],[87.02819,22.03792],[87.03073,21.98544],[87.00214,21.91339],[87.00395,21.91045],[87.03652,21.8697],[87.03869,21.86807],[87.03977,21.86742],[87.09912,21.86546],[87.10093,21.86383]]]}},{"type":"Feature","id":"300","properties":{"district_id":"300","district_name":"Nawarangpur","code_2digit":"26","bhulekh_id":"26","center":[82.35068,19.6117],"bbox":[81.84499,19.1181,82.85637,20.10529]},"geometry":{"type":"Polygon","coordinates":[[[82.59439,19.77536],[82.59475,19.77536],[82.60199,19.74699],[82.56291,19.72808],[82.56363,19.72711],[82.57304,19.71407],[82.56725,19.68472],[82.56761,19.6844],[82.57702,19.68081],[82.55567,19.64528],[82.52455,19.63223],[82.54735,19.61202],[82.52926,19.58496],[82.52926,19.58496],[82.55821,19.58203],[82.56617,19.54454],[82.6161,19.53867],[82.60706,19.52074],[82.6465,19.5077],[82.63311,19.48194],[82.64903,19.47738],[82.64975,19.45944],[82.674,19.43402],[82.68232,19.43728],[82.68956,19.42032],[82.70838,19.41934],[82.71199,19.3636],[82.72574,19.34501],[82.7413,19.34958],[82.75686,19.32676],[82.77966,19.34306],[82.8115,19.32773],[82.82236,19.32219],[82.84624,19.32415],[82.84805,19.32382],[82.85312,19.30785],[82.84118,19.30817],[82.82598,19.28242],[82.82453,19.25634],[82.79848,19.23612],[82.83611,19.23677],[82.85022,19.20678],[82.85637,19.2058],[82.85637,19.2058],[82.85384,19.19341],[82.84262,19.20059],[82.83285,19.1895],[82.82272,19.14777],[82.81729,19.17027],[82.80318,19.15136],[82.79196,19.15527],[82.78835,19.1732],[82.76121,19.16472],[82.74963,19.1732],[82.73624,19.15723],[82.72285,19.16114],[82.72502,19.17418],[82.7015,19.19081],[82.68558,19.18592],[82.67943,19.19733],[82.66857,19.18396],[82.65374,19.18885],[82.63709,19.17548],[82.63709,19.15592],[82.63492,19.15723],[82.63311,19.16212],[82.62804,19.16146],[82.62623,19.16114],[82.6237,19.16049],[82.62551,19.15429],[82.62551,19.15201],[82.61864,19.15657],[82.6161,19.15853],[82.61574,19.18168],[82.60525,19.18135],[82.58788,19.20254],[82.57956,19.19504],[82.57449,19.21134],[82.5734,19.20939],[82.5687,19.1983],[82.51804,19.20254],[82.48873,19.18037],[82.46014,19.18461],[82.44024,19.17124],[82.41165,19.18559],[82.40188,19.16538],[82.35267,19.18429],[82.34037,19.16798],[82.31142,19.17711],[82.28573,19.1481],[82.27524,19.15657],[82.25859,19.14223],[82.22964,19.14386],[82.23543,19.12202],[82.21227,19.1181],[82.20576,19.12104],[82.20576,19.1243],[82.18513,19.13049],[82.18296,19.13114],[82.1826,19.13147],[82.18152,19.12984],[82.17247,19.12136],[82.16813,19.12919],[82.16668,19.1331],[82.17573,19.13864],[82.17392,19.14353],[82.18079,19.15071],[82.16957,19.16114],[82.17826,19.15592],[82.18622,19.16635],[82.17609,19.17222],[82.18043,19.19113],[82.16161,19.20222],[82.16885,19.21297],[82.15799,19.22765],[82.15836,19.26514],[82.18115,19.3235],[82.19418,19.3261],[82.17862,19.34338],[82.14895,19.35284],[82.14714,19.36523],[82.15329,19.37696],[82.17898,19.37892],[82.18948,19.4275],[82.17138,19.43728],[82.12615,19.42913],[82.10263,19.46629],[82.10806,19.49433],[82.09793,19.49889],[82.1001,19.5165],[82.07585,19.52367],[82.06572,19.51096],[82.02917,19.5077],[82.02917,19.5077],[82.0299,19.50965],[82.04835,19.54421],[82.04908,19.55692],[82.04003,19.59768],[82.05885,19.62832],[82.0451,19.70689],[82.04473,19.70885],[82.06536,19.79068],[81.98611,19.80111],[81.96549,19.83697],[81.96802,19.8598],[81.88986,19.8937],[81.8696,19.9025],[81.85802,19.91522],[81.85331,19.92043],[81.85223,19.92174],[81.85693,19.94749],[81.84499,19.95173],[81.8468,19.95793],[81.87539,20.04986],[81.87611,20.05215],[81.89529,20.04823],[81.94595,20.10464],[81.94631,20.10529],[81.99516,20.05345],[82.0176,20.04889],[82.02158,20.02378],[82.03243,20.01563],[82.07043,20.05704],[82.12688,20.01498],[82.17138,20.00553],[82.18441,19.98433],[82.2101,19.98629],[82.2376,20.00357],[82.26908,19.97521],[82.30418,19.88914],[82.34544,19.836],[82.361,19.86273],[82.37402,19.86045],[82.39501,19.88816],[82.44603,19.91033],[82.46412,19.90087],[82.49741,19.90413],[82.53107,19.87838],[82.53505,19.88685],[82.54844,19.87577],[82.60018,19.86762],[82.60344,19.86697],[82.60163,19.86469],[82.57594,19.83339],[82.58173,19.78318],[82.59439,19.77536]]]}},{"type":"Feature","id":"111","properties":{"district_id":"111","district_name":"Nayagarh","code_2digit":"22","bhulekh_id":"22","center":[84.96906,20.25037],"bbox":[84.48327,19.89729,85.45485,20.60344]},"geometry":{"type":"Polygon","coordinates":[[[84.51005,20.39512],[84.54262,20.41859],[84.5636,20.41109],[84.59002,20.42348],[84.60413,20.41989],[84.61824,20.43424],[84.64683,20.42348],[84.68084,20.43261],[84.69134,20.45021],[84.68084,20.46],[84.69279,20.4701],[84.69677,20.49749],[84.71124,20.50662],[84.71269,20.52357],[84.74055,20.54085],[84.76624,20.53172],[84.78687,20.55063],[84.79012,20.58127],[84.7666,20.60344],[84.84838,20.52813],[84.87805,20.50205],[84.94898,20.48868],[85.15849,20.37849],[85.19649,20.38077],[85.27139,20.35958],[85.36656,20.36708],[85.37271,20.35176],[85.35027,20.3348],[85.35426,20.30188],[85.33001,20.2784],[85.32893,20.2771],[85.32422,20.25819],[85.34087,20.25493],[85.34014,20.25265],[85.33978,20.25134],[85.33833,20.24645],[85.32603,20.24482],[85.32241,20.22983],[85.25655,20.22657],[85.25438,20.22624],[85.2457,20.21092],[85.24497,20.20994],[85.24425,20.21059],[85.23231,20.21939],[85.22761,20.22265],[85.22254,20.22102],[85.20553,20.19788],[85.20011,20.18842],[85.20083,20.18451],[85.21313,20.17049],[85.203,20.15582],[85.21205,20.13137],[85.2352,20.11898],[85.24353,20.11865],[85.27103,20.14865],[85.27139,20.14865],[85.31192,20.15484],[85.31264,20.16951],[85.31337,20.17016],[85.32458,20.17799],[85.32748,20.17995],[85.32748,20.17995],[85.33978,20.17114],[85.34666,20.18744],[85.35389,20.18744],[85.3586,20.18744],[85.36149,20.18744],[85.3633,20.18386],[85.36837,20.17375],[85.36981,20.17082],[85.35534,20.14376],[85.38537,20.15615],[85.38755,20.13691],[85.41324,20.12746],[85.41577,20.1268],[85.40093,20.09062],[85.38429,20.09192],[85.38031,20.07073],[85.40021,20.03519],[85.41468,20.03324],[85.41505,20.02476],[85.43567,20.02867],[85.41468,19.99411],[85.43712,19.9964],[85.45015,19.98368],[85.45485,19.97064],[85.43531,19.93967],[85.43024,19.93967],[85.41794,19.92402],[85.38393,19.94032],[85.38284,19.95206],[85.36041,19.95662],[85.32784,19.92598],[85.24317,19.90609],[85.2106,19.91228],[85.16356,19.90479],[85.16175,19.90446],[85.12303,19.9338],[85.02605,19.9012],[84.94464,19.89761],[84.93993,19.89729],[84.92799,19.90837],[84.90736,19.90805],[84.92075,19.94326],[84.92075,19.94326],[84.91713,19.95206],[84.90121,19.99183],[84.90085,19.99183],[84.86249,20.00064],[84.85707,20.0303],[84.81184,20.06682],[84.79845,20.09062],[84.80605,20.11376],[84.82233,20.11963],[84.83174,20.21646],[84.83138,20.21679],[84.76516,20.24645],[84.73585,20.24417],[84.70473,20.27873],[84.69966,20.27775],[84.67288,20.27416],[84.67216,20.27416],[84.67216,20.27384],[84.67216,20.27384],[84.64792,20.20277],[84.59798,20.17636],[84.58495,20.18647],[84.58676,20.1744],[84.5437,20.24874],[84.54225,20.25069],[84.55202,20.28395],[84.54298,20.32307],[84.51475,20.31916],[84.51186,20.33774],[84.4934,20.3335],[84.48327,20.34784],[84.51837,20.36904],[84.52054,20.3811],[84.51005,20.39512]]]}},{"type":"Feature","id":"130","properties":{"district_id":"130","district_name":"Nuapada","code_2digit":"21","bhulekh_id":"21","center":[82.59692,20.53873],"bbox":[82.33205,19.9889,82.8618,21.08856]},"geometry":{"type":"Polygon","coordinates":[[[82.63818,21.08856],[82.67038,21.06378],[82.69354,21.02042],[82.68739,20.97315],[82.69861,20.93761],[82.6939,20.90273],[82.68087,20.88512],[82.68413,20.81242],[82.69861,20.75993],[82.6863,20.73189],[82.70078,20.72831],[82.69426,20.68332],[82.69499,20.68332],[82.71995,20.6768],[82.73226,20.653],[82.72828,20.638],[82.74311,20.62952],[82.72972,20.58388],[82.71127,20.56921],[82.7062,20.50303],[82.68449,20.46],[82.68739,20.45641],[82.69282,20.45021],[82.69716,20.445],[82.69752,20.42479],[82.69752,20.42446],[82.69752,20.42446],[82.73081,20.38175],[82.7138,20.3586],[82.71778,20.35828],[82.72755,20.3573],[82.77279,20.35274],[82.80463,20.38403],[82.81621,20.37947],[82.81367,20.36219],[82.79124,20.34556],[82.78943,20.32274],[82.81259,20.32568],[82.81512,20.35697],[82.83575,20.3348],[82.85239,20.33611],[82.84697,20.28949],[82.83683,20.29405],[82.83502,20.32013],[82.81693,20.31622],[82.8115,20.29405],[82.81187,20.29405],[82.82634,20.28134],[82.8296,20.2784],[82.84624,20.28884],[82.8466,20.28851],[82.85637,20.27449],[82.85203,20.24156],[82.8618,20.22983],[82.84733,20.19396],[82.81766,20.18744],[82.81729,20.18418],[82.81621,20.16788],[82.81585,20.16658],[82.82055,20.1656],[82.82236,20.16462],[82.81367,20.1017],[82.78835,20.10333],[82.75505,20.05475],[82.73986,20.0528],[82.74492,20.02476],[82.72828,20.02346],[82.72792,20.0228],[82.72719,20.02183],[82.7167,20.0065],[82.71706,19.99835],[82.71778,19.9889],[82.64252,20.0052],[82.60995,19.9902],[82.60271,19.9902],[82.55097,20.01628],[82.51008,20.01661],[82.47968,20.0365],[82.39935,20.05671],[82.39863,20.12224],[82.38669,20.14506],[82.42179,20.2044],[82.41057,20.24221],[82.42215,20.24743],[82.41129,20.26438],[82.43807,20.2934],[82.43119,20.31296],[82.40044,20.34067],[82.42106,20.39284],[82.41672,20.40751],[82.43807,20.43424],[82.42577,20.44532],[82.41853,20.48021],[82.39682,20.45804],[82.38958,20.51705],[82.35846,20.52813],[82.33205,20.56204],[82.35086,20.58127],[82.34688,20.60247],[82.37655,20.63246],[82.36859,20.64974],[82.37402,20.66734],[82.3534,20.70092],[82.34905,20.71853],[82.34797,20.73287],[82.3534,20.73581],[82.34254,20.8046],[82.34037,20.83361],[82.34544,20.86915],[82.3458,20.87306],[82.33965,20.87436],[82.35086,20.88936],[82.36461,20.88741],[82.3657,20.86947],[82.40623,20.86882],[82.42106,20.83035],[82.45978,20.82644],[82.46123,20.82807],[82.46557,20.83329],[82.48764,20.86035],[82.48801,20.9086],[82.56001,20.94674],[82.62949,21.03835],[82.61176,21.07356],[82.63058,21.0778],[82.63818,21.08856]]]}},{"type":"Feature","id":"60","properties":{"district_id":"60","district_name":"Puri","code_2digit":"11","bhulekh_id":"11","center":[85.7731,19.83551],"bbox":[85.13497,19.46727,86.41123,20.20374]},"geometry":{"type":"Polygon","coordinates":[[[86.08086,20.10431],[86.08556,20.10072],[86.08701,20.09322],[86.08773,20.08964],[86.08846,20.08605],[86.0776,20.07921],[86.07543,20.07758],[86.08701,20.05834],[86.10981,20.06649],[86.11451,20.06421],[86.12356,20.05932],[86.11741,20.04823],[86.11668,20.04726],[86.11668,20.04726],[86.12537,20.03748],[86.17096,20.03943],[86.18109,20.0541],[86.18363,20.05084],[86.19991,20.05215],[86.20027,20.05247],[86.20063,20.05215],[86.20787,20.03682],[86.2303,20.04302],[86.24514,20.03487],[86.25527,20.05345],[86.27807,20.05475],[86.26975,20.04139],[86.32258,20.01857],[86.34139,19.98596],[86.36998,19.9814],[86.37288,19.95793],[86.41123,19.97455],[86.38807,19.95499],[86.30738,19.9413],[86.22813,19.90153],[86.0577,19.85034],[85.88546,19.81285],[85.6792,19.74504],[85.35317,19.58887],[85.1726,19.46727],[85.13497,19.52139],[85.17405,19.5579],[85.18237,19.67233],[85.18237,19.67233],[85.21277,19.68635],[85.19866,19.70363],[85.19902,19.70526],[85.20011,19.70917],[85.20264,19.71896],[85.2153,19.73493],[85.21965,19.74015],[85.22109,19.7421],[85.24968,19.74406],[85.25257,19.76753],[85.32929,19.78514],[85.35932,19.8223],[85.38646,19.83143],[85.43821,19.88327],[85.50262,19.88457],[85.50225,19.86827],[85.56413,19.85295],[85.57028,19.91522],[85.53301,19.92696],[85.5265,19.94391],[85.50732,19.92761],[85.52071,19.93967],[85.50587,19.95271],[85.52614,19.97847],[85.53156,19.95858],[85.55219,19.96282],[85.55038,19.95271],[85.56377,19.95467],[85.5663,19.9726],[85.55508,19.97455],[85.57064,19.9801],[85.56196,19.99575],[85.57028,19.99835],[85.57173,20.02574],[85.59127,19.99705],[85.61443,20.01954],[85.60647,19.99575],[85.6137,19.99281],[85.63071,20.02215],[85.61226,20.0378],[85.61877,20.06877],[85.64374,20.08181],[85.6318,20.10268],[85.64917,20.09714],[85.64989,20.06714],[85.6792,20.0678],[85.67124,20.08768],[85.69223,20.09551],[85.6745,20.1242],[85.69042,20.15843],[85.70344,20.14245],[85.719,20.14311],[85.72479,20.12811],[85.72045,20.1418],[85.72841,20.14963],[85.75917,20.13985],[85.75266,20.14669],[85.7646,20.15354],[85.76351,20.16853],[85.80006,20.15028],[85.80585,20.16136],[85.82539,20.15908],[85.83733,20.19168],[85.84421,20.17571],[85.85615,20.17473],[85.85687,20.1907],[85.8424,20.19788],[85.8518,20.20374],[85.88727,20.18353],[85.90355,20.15191],[85.87207,20.12354],[85.8822,20.11148],[85.89921,20.11018],[85.90464,20.12583],[85.92454,20.11311],[85.9477,20.11931],[85.9524,20.11246],[85.95964,20.12191],[85.99908,20.10692],[86.00487,20.11409],[86.02369,20.09974],[86.07145,20.10692],[86.07579,20.10333],[86.08122,20.10366],[86.08086,20.10431]]]}},{"type":"Feature","id":"22","properties":{"district_id":"22","district_name":"Rayagada","code_2digit":"27","bhulekh_id":"27","center":[83.45199,19.44135],"bbox":[82.87012,18.91076,84.03385,19.97195]},"geometry":{"type":"Polygon","coordinates":[[[83.49577,19.96021],[83.49975,19.95825],[83.55982,19.92989],[83.52689,19.87773],[83.52798,19.85556],[83.52798,19.85491],[83.58551,19.82296],[83.59998,19.83437],[83.60686,19.81611],[83.61916,19.81448],[83.62133,19.77536],[83.60795,19.75025],[83.62568,19.74471],[83.63219,19.73069],[83.64377,19.69646],[83.63472,19.67136],[83.64775,19.65799],[83.69515,19.69092],[83.72265,19.67168],[83.7288,19.65473],[83.74219,19.65506],[83.76318,19.67657],[83.76644,19.71602],[83.79141,19.71081],[83.81456,19.72059],[83.83266,19.70689],[83.84496,19.70917],[83.85401,19.6857],[83.87282,19.67168],[83.91118,19.67625],[83.92312,19.67755],[83.93615,19.67136],[83.92384,19.66353],[83.94013,19.63517],[83.92493,19.62637],[83.93759,19.55986],[83.94013,19.55464],[83.97921,19.53149],[83.95931,19.5077],[83.97668,19.48585],[83.94194,19.42],[83.94736,19.39652],[83.97776,19.38348],[83.98717,19.40239],[83.99006,19.3887],[84.01539,19.37696],[84.02878,19.34729],[84.01431,19.30654],[84.0201,19.29057],[83.97993,19.21297],[83.99766,19.19341],[83.98825,19.18657],[83.98898,19.1569],[84.03385,19.13212],[84.01576,19.1181],[84.01358,19.09985],[84.03204,19.05844],[84.00924,19.05714],[84.00345,19.06985],[83.97776,19.07213],[83.96473,19.06268],[83.96329,19.04279],[83.98572,19.02193],[83.95533,19.00106],[83.95026,18.99748],[83.90792,19.01965],[83.89128,18.99454],[83.85763,18.99096],[83.84785,19.0053],[83.83338,19.00367],[83.83266,19.00465],[83.8323,19.00432],[83.82976,19.00758],[83.80914,19.03106],[83.80154,19.02421],[83.79466,19.01769],[83.79321,19.01802],[83.77585,19.01834],[83.78019,19.00921],[83.74871,18.99813],[83.74654,18.99389],[83.75703,18.95151],[83.76752,18.95575],[83.78236,18.93456],[83.78525,18.92086],[83.78525,18.91956],[83.78598,18.91695],[83.77838,18.91271],[83.77729,18.91304],[83.77621,18.91239],[83.75196,18.92608],[83.75631,18.91076],[83.73315,18.9877],[83.70963,19.00204],[83.73025,19.02193],[83.70022,19.02519],[83.68538,19.05844],[83.66114,19.08094],[83.66295,19.09887],[83.64739,19.11843],[83.65499,19.12951],[83.63653,19.13277],[83.63762,19.15299],[83.62495,19.16309],[83.6188,19.14255],[83.59709,19.13114],[83.60867,19.09691],[83.5837,19.08746],[83.58262,19.05877],[83.56163,19.06105],[83.56018,19.08681],[83.54715,19.08159],[83.55548,19.05714],[83.53992,19.04247],[83.53521,19.0115],[83.5012,19.02062],[83.49649,19.03529],[83.51495,19.02845],[83.51929,19.03888],[83.51169,19.07018],[83.49903,19.06268],[83.48093,19.07833],[83.48347,19.09202],[83.4661,19.09398],[83.47659,19.08029],[83.46429,19.08094],[83.46031,19.06464],[83.4813,19.03432],[83.47768,19.00954],[83.44801,19.01084],[83.45343,18.99226],[83.46574,18.99193],[83.45995,18.95575],[83.44547,18.95803],[83.43896,18.97629],[83.4158,18.98998],[83.41472,19.00269],[83.40784,19.00595],[83.39698,19.00987],[83.37057,19.00335],[83.36586,19.01704],[83.34741,19.01834],[83.36261,19.04768],[83.34054,19.06072],[83.3409,19.10213],[83.32715,19.10017],[83.29856,19.12267],[83.2877,19.1168],[83.28481,19.11941],[83.28155,19.12169],[83.27938,19.12332],[83.25948,19.06757],[83.26816,19.05453],[83.26455,19.04703],[83.26057,19.03856],[83.23451,19.02649],[83.23704,18.98933],[83.20086,18.96031],[83.1853,18.96096],[83.19652,18.99128],[83.18458,19.01378],[83.19543,19.07605],[83.1853,19.08094],[83.18964,19.09626],[83.17879,19.09822],[83.20556,19.13245],[83.22076,19.13832],[83.2251,19.12267],[83.24464,19.12788],[83.24103,19.14516],[83.25731,19.16375],[83.22691,19.1732],[83.22004,19.16114],[83.19833,19.16896],[83.20122,19.1481],[83.17553,19.14516],[83.16178,19.12169],[83.13573,19.13636],[83.12957,19.09333],[83.12017,19.08974],[83.10099,19.11126],[83.07385,19.08126],[83.06516,19.0441],[83.02174,19.06138],[83.02862,19.08648],[83.00944,19.09561],[83.0051,19.12071],[82.98049,19.13832],[82.97904,19.17059],[82.97904,19.17255],[82.95516,19.15592],[82.92006,19.16244],[82.90161,19.15527],[82.89799,19.17418],[82.87085,19.19439],[82.87012,19.19504],[82.88641,19.20059],[82.88713,19.20059],[82.88749,19.20091],[82.89437,19.21102],[82.88424,19.21787],[82.91825,19.2384],[82.90161,19.28339],[82.93815,19.30654],[82.95371,19.34664],[82.94539,19.3636],[82.95588,19.39229],[82.93815,19.40337],[82.9244,19.4363],[82.92259,19.44054],[82.9349,19.45162],[82.97868,19.44966],[82.97904,19.44966],[82.98411,19.45488],[82.99388,19.46434],[82.99714,19.46727],[82.99931,19.49759],[83.02536,19.50802],[83.02536,19.50802],[83.02572,19.50933],[83.04201,19.55171],[83.07059,19.56149],[83.08796,19.53704],[83.10786,19.53834],[83.10243,19.52432],[83.11401,19.51454],[83.1075,19.50867],[83.10714,19.50867],[83.12234,19.49759],[83.13536,19.5077],[83.15635,19.48585],[83.15816,19.48324],[83.14839,19.46694],[83.16938,19.42717],[83.1824,19.42423],[83.1853,19.42358],[83.18385,19.43728],[83.18566,19.45716],[83.18856,19.4614],[83.19616,19.45325],[83.20158,19.43923],[83.21606,19.43043],[83.21931,19.44282],[83.20086,19.4601],[83.2052,19.47412],[83.22836,19.50574],[83.24573,19.50444],[83.25731,19.52791],[83.24826,19.53932],[83.26382,19.5478],[83.26599,19.55888],[83.25297,19.56997],[83.26961,19.57714],[83.26635,19.60126],[83.28807,19.58855],[83.2877,19.59702],[83.31955,19.59213],[83.3579,19.60681],[83.3731,19.59735],[83.36948,19.61985],[83.38396,19.66777],[83.4281,19.69613],[83.45416,19.73689],[83.45054,19.78449],[83.45959,19.79655],[83.43679,19.80176],[83.43172,19.82589],[83.43896,19.83306],[83.42195,19.84969],[83.43064,19.87088],[83.40422,19.92076],[83.4187,19.93413],[83.44222,19.93348],[83.4509,19.97195],[83.48383,19.96347],[83.49577,19.96021]]]}},{"type":"Feature","id":"47","properties":{"district_id":"47","district_name":"Sambalpur","code_2digit":"12","bhulekh_id":"12","center":[84.28498,21.55607],"bbox":[83.79973,20.92229,84.77022,22.18985]},"geometry":{"type":"Polygon","coordinates":[[[84.27919,20.92229],[84.23866,20.92262],[84.23866,20.92262],[84.19234,20.97641],[84.15579,20.97445],[84.15796,20.99401],[84.13987,21.0126],[84.1424,21.03314],[84.01756,21.05172],[83.98862,21.07813],[83.99296,21.1091],[83.98246,21.11692],[83.98427,21.13127],[83.90249,21.17528],[83.89453,21.17561],[83.88874,21.17593],[83.89851,21.20495],[83.91046,21.23853],[83.89019,21.27895],[83.88947,21.28026],[83.88947,21.28026],[83.89164,21.29362],[83.87825,21.29199],[83.87753,21.29362],[83.87318,21.30243],[83.8721,21.30471],[83.87246,21.30569],[83.88042,21.38719],[83.84605,21.41393],[83.88078,21.42566],[83.88657,21.43772],[83.85039,21.51923],[83.84713,21.52575],[83.81674,21.53553],[83.79973,21.56324],[83.80877,21.59063],[83.81095,21.5903],[83.8645,21.57954],[83.88151,21.57628],[83.8996,21.57596],[83.96763,21.58085],[83.97161,21.58867],[83.97414,21.7031],[83.94338,21.72886],[83.95533,21.73277],[83.97052,21.76048],[83.98464,21.75624],[83.98102,21.78037],[84.00164,21.77287],[84.00671,21.78689],[84.02118,21.78493],[84.03783,21.75527],[84.05737,21.7732],[84.08921,21.77059],[84.11635,21.78722],[84.15796,21.77352],[84.16448,21.78689],[84.2383,21.80547],[84.25349,21.79602],[84.26543,21.76505],[84.28896,21.77124],[84.32948,21.83221],[84.32912,21.86253],[84.37363,21.95544],[84.36386,21.98283],[84.3805,21.97794],[84.38304,22.0151],[84.39245,22.02293],[84.35843,22.03792],[84.32369,22.0376],[84.29836,22.03499],[84.28751,22.01543],[84.28678,22.0138],[84.27412,22.0151],[84.26942,22.01478],[84.26942,22.01478],[84.26942,22.01543],[84.26688,22.10411],[84.27955,22.10932],[84.27774,22.12334],[84.29981,22.11715],[84.34034,22.13019],[84.36386,22.15007],[84.38449,22.14584],[84.41814,22.17257],[84.4764,22.18985],[84.49594,22.13769],[84.49521,22.09237],[84.51439,22.08487],[84.51041,22.05716],[84.52778,22.04575],[84.5086,22.01999],[84.50028,21.97239],[84.50679,21.95838],[84.52669,21.97305],[84.51692,21.94827],[84.52525,21.92577],[84.49485,21.92056],[84.49087,21.91143],[84.52669,21.89024],[84.52525,21.87231],[84.53936,21.86187],[84.52778,21.85242],[84.52597,21.81362],[84.56758,21.78656],[84.55383,21.76929],[84.58821,21.75787],[84.60992,21.76635],[84.65732,21.76374],[84.66094,21.76113],[84.64792,21.74255],[84.63272,21.73864],[84.63995,21.72234],[84.63091,21.69756],[84.56831,21.70245],[84.5437,21.67865],[84.54334,21.67865],[84.53719,21.6793],[84.50317,21.68256],[84.48653,21.6392],[84.50245,21.62323],[84.52633,21.62388],[84.53321,21.60562],[84.5712,21.58052],[84.54406,21.5828],[84.53574,21.56748],[84.51186,21.58052],[84.51113,21.57139],[84.49015,21.57726],[84.50173,21.54335],[84.50209,21.5427],[84.4934,21.53031],[84.47278,21.53814],[84.45975,21.51499],[84.44383,21.51727],[84.44672,21.49087],[84.446,21.49054],[84.40945,21.47587],[84.41633,21.45403],[84.39462,21.42697],[84.39498,21.4211],[84.4033,21.37937],[84.46228,21.39208],[84.47205,21.39436],[84.49087,21.39045],[84.48761,21.36926],[84.50028,21.36372],[84.49847,21.37513],[84.51765,21.38198],[84.54479,21.37382],[84.54732,21.37317],[84.56758,21.32199],[84.56614,21.24929],[84.60305,21.26233],[84.61245,21.277],[84.63055,21.27537],[84.64611,21.30047],[84.66637,21.30373],[84.65805,21.31384],[84.68555,21.32231],[84.71124,21.3184],[84.76081,21.27732],[84.75358,21.25776],[84.77022,21.25255],[84.759,21.23038],[84.75792,21.23005],[84.75104,21.2294],[84.72318,21.22712],[84.71775,21.20853],[84.74091,21.19419],[84.74525,21.16974],[84.74453,21.16941],[84.73114,21.16909],[84.72318,21.14855],[84.68048,21.14724],[84.66746,21.09345],[84.6794,21.06313],[84.64538,21.08367],[84.58531,21.06117],[84.53212,21.08758],[84.48146,21.08073],[84.43876,21.03314],[84.42936,21.04031],[84.40909,21.03053],[84.43406,21.0152],[84.4138,21.00347],[84.40547,20.97673],[84.37435,20.95457],[84.37254,20.95457],[84.36603,20.95391],[84.32985,20.95163],[84.32876,20.95163],[84.31139,20.93207],[84.30162,20.93631],[84.27919,20.92229]]]}},{"type":"Feature","id":"238","properties":{"district_id":"238","district_name":"Sonepur","code_2digit":"23","bhulekh_id":"23","center":[83.86287,20.85317],"bbox":[83.44656,20.53074,84.27919,21.17561]},"geometry":{"type":"Polygon","coordinates":[[[84.27919,20.92229],[84.27629,20.9187],[84.26833,20.91316],[84.26797,20.90794],[84.26652,20.88186],[84.26652,20.88154],[84.23504,20.8949],[84.23214,20.8949],[84.23034,20.89588],[84.22201,20.89425],[84.19849,20.89067],[84.19234,20.88936],[84.1073,20.83785],[84.04109,20.8209],[84.0125,20.84046],[83.93687,20.84209],[83.89634,20.81731],[83.837,20.82546],[83.78525,20.80134],[83.78272,20.80036],[83.76246,20.78015],[83.75775,20.71722],[83.71578,20.64028],[83.73206,20.62268],[83.73025,20.60899],[83.68393,20.55878],[83.64413,20.53661],[83.60179,20.53074],[83.59781,20.53563],[83.59709,20.54606],[83.6065,20.56889],[83.596,20.57932],[83.59492,20.60638],[83.6217,20.63311],[83.62821,20.66115],[83.6416,20.67126],[83.63653,20.67973],[83.66476,20.70451],[83.67851,20.73939],[83.65354,20.74559],[83.65607,20.77036],[83.63545,20.77102],[83.63472,20.79547],[83.59347,20.79938],[83.59383,20.82057],[83.62242,20.81536],[83.62676,20.82579],[83.56995,20.84535],[83.57646,20.87306],[83.61989,20.90273],[83.60903,20.93044],[83.63943,20.9813],[83.57502,20.97315],[83.51024,20.97934],[83.49034,20.99532],[83.46936,20.99499],[83.44656,21.01618],[83.45705,21.05791],[83.45886,21.05922],[83.49396,21.04063],[83.49179,21.06215],[83.54824,21.07682],[83.59492,21.10779],[83.60433,21.12833],[83.71288,21.1192],[83.7621,21.14268],[83.76825,21.15474],[83.78417,21.15148],[83.79973,21.11366],[83.83989,21.09345],[83.84641,21.09932],[83.87789,21.16256],[83.89453,21.17561],[83.90249,21.17528],[83.98427,21.13127],[83.98246,21.11692],[83.99296,21.1091],[83.98862,21.07813],[84.01756,21.05172],[84.1424,21.03314],[84.13987,21.0126],[84.15796,20.99401],[84.15579,20.97445],[84.19234,20.97641],[84.23866,20.92262],[84.23866,20.92262],[84.27919,20.92229]]]}},{"type":"Feature","id":"72","properties":{"district_id":"72","district_name":"Sundargarh","code_2digit":"13","bhulekh_id":"13","center":[84.45758,22.06107],"bbox":[83.53702,21.59095,85.37814,22.53119]},"geometry":{"type":"Polygon","coordinates":[[[85.19106,21.66105],[85.18889,21.65746],[85.1802,21.64475],[85.19395,21.63986],[85.19432,21.63986],[85.19359,21.6392],[85.17948,21.62682],[85.14438,21.59519],[85.14438,21.59519],[85.14402,21.59519],[85.07744,21.60367],[85.04849,21.59095],[85.02967,21.62779],[85.02641,21.67246],[84.99819,21.68191],[84.97539,21.67278],[84.95658,21.68419],[84.95368,21.66496],[84.94138,21.65942],[84.9146,21.6705],[84.90121,21.65876],[84.86105,21.65192],[84.85526,21.66039],[84.79012,21.66855],[84.7818,21.64931],[84.79374,21.6366],[84.75756,21.62453],[84.74127,21.6692],[84.74706,21.68256],[84.71811,21.71712],[84.69134,21.70962],[84.67505,21.73636],[84.67831,21.74907],[84.67795,21.7494],[84.66094,21.76113],[84.65732,21.76374],[84.60992,21.76635],[84.58821,21.75787],[84.55383,21.76929],[84.56758,21.78656],[84.52597,21.81362],[84.52778,21.85242],[84.53936,21.86187],[84.52525,21.87231],[84.52669,21.89024],[84.49087,21.91143],[84.49485,21.92056],[84.52525,21.92577],[84.51692,21.94827],[84.52669,21.97305],[84.50679,21.95838],[84.50028,21.97239],[84.5086,22.01999],[84.52778,22.04575],[84.51041,22.05716],[84.51439,22.08487],[84.49521,22.09237],[84.49594,22.13769],[84.4764,22.18985],[84.41814,22.17257],[84.38449,22.14584],[84.36386,22.15007],[84.34034,22.13019],[84.29981,22.11715],[84.27774,22.12334],[84.27955,22.10932],[84.26688,22.10411],[84.26942,22.01543],[84.26942,22.01478],[84.26978,22.00826],[84.23938,21.97728],[84.23468,21.97728],[84.20392,21.97761],[84.16846,22.00108],[84.1377,21.99782],[84.11744,22.01282],[84.10622,21.99196],[84.08885,21.99945],[84.08668,21.99],[84.0704,21.98967],[84.08921,21.96294],[84.08017,21.93653],[84.0628,21.9336],[84.02842,21.95316],[84.00671,21.92251],[83.97776,21.90458],[83.95931,21.94175],[83.89779,21.94501],[83.88006,21.92382],[83.85184,21.92349],[83.86595,21.91045],[83.83121,21.89611],[83.82904,21.8772],[83.81637,21.8847],[83.8142,21.85372],[83.79394,21.86644],[83.73821,21.81656],[83.7194,21.78591],[83.69009,21.7895],[83.68683,21.80156],[83.63653,21.81884],[83.62459,21.84786],[83.5913,21.82503],[83.57936,21.83025],[83.59094,21.85112],[83.57429,21.87492],[83.57791,21.88959],[83.60541,21.91371],[83.59058,21.92969],[83.55692,21.93523],[83.56163,21.94794],[83.53919,21.96587],[83.54354,21.99424],[83.55548,22.00695],[83.53955,22.02065],[83.53919,22.02325],[83.53738,22.04249],[83.53702,22.04444],[83.53738,22.04477],[83.54281,22.05227],[83.54788,22.05912],[83.54824,22.05912],[83.54824,22.05912],[83.5866,22.04901],[83.58985,22.05096],[83.6065,22.06629],[83.6065,22.06661],[83.6065,22.06661],[83.56416,22.1015],[83.56271,22.1028],[83.60614,22.1517],[83.60795,22.15399],[83.62749,22.20387],[83.63002,22.20582],[83.63364,22.20941],[83.64956,22.22343],[83.67561,22.23451],[83.69732,22.24364],[83.7042,22.24658],[83.75739,22.24038],[83.76571,22.24984],[83.79502,22.28602],[83.79683,22.28635],[83.80299,22.29352],[83.80914,22.28896],[83.81203,22.28961],[83.82614,22.29352],[83.82325,22.30656],[83.8218,22.31276],[83.8218,22.31276],[83.8218,22.31308],[83.83808,22.32449],[83.86414,22.3434],[83.89055,22.33656],[83.92348,22.3584],[84.01033,22.37144],[84.01358,22.39752],[84.04724,22.43827],[84.04724,22.46925],[83.97993,22.5025],[83.9774,22.51032],[83.97668,22.51359],[83.97595,22.51489],[83.9973,22.53119],[84.00888,22.52826],[84.01178,22.5276],[84.0599,22.51652],[84.11165,22.47707],[84.14096,22.47381],[84.14096,22.42556],[84.15615,22.40763],[84.19668,22.37796],[84.25024,22.37894],[84.29149,22.34275],[84.42936,22.35253],[84.4308,22.37307],[84.48508,22.38937],[84.47567,22.40111],[84.48001,22.41317],[84.53538,22.42719],[84.62874,22.43436],[84.66673,22.41969],[84.74996,22.41904],[84.759,22.44675],[84.81039,22.45327],[84.81762,22.43697],[84.8368,22.43143],[84.88023,22.44903],[84.88602,22.42034],[84.88927,22.42067],[84.91279,22.42523],[84.92582,22.43501],[84.92148,22.44414],[84.95441,22.45881],[84.95911,22.44512],[85.03582,22.47674],[85.03836,22.48392],[85.04994,22.48294],[85.06948,22.49076],[85.06694,22.48424],[85.07273,22.48066],[85.07563,22.48033],[85.07599,22.4787],[85.07707,22.4637],[85.05971,22.44871],[85.08648,22.3998],[85.07671,22.35612],[85.09553,22.34471],[85.09191,22.31602],[85.11796,22.31765],[85.11688,22.2945],[85.07092,22.27461],[85.07816,22.25733],[85.04957,22.19474],[85.05428,22.18365],[85.02967,22.16246],[85.02859,22.12204],[84.9848,22.09563],[84.98444,22.08585],[85.00072,22.08291],[85.02424,22.10932],[85.03546,22.1116],[85.04921,22.11421],[85.05536,22.11552],[85.09842,22.10606],[85.12194,22.07085],[85.15632,22.07607],[85.15885,22.07639],[85.16573,22.06303],[85.17079,22.05618],[85.16754,22.06922],[85.1802,22.07346],[85.18056,22.07281],[85.18708,22.05814],[85.21422,22.04933],[85.22182,22.01804],[85.23846,22.00989],[85.23919,22.00956],[85.23412,21.99717],[85.2334,21.99587],[85.27899,21.95838],[85.29021,21.95512],[85.31409,21.9587],[85.37814,21.93555],[85.36403,21.85927],[85.36403,21.85927],[85.34087,21.82471],[85.30975,21.81949],[85.29093,21.83742],[85.24497,21.80352],[85.22652,21.82014],[85.20011,21.76211],[85.21494,21.73831],[85.18455,21.70897],[85.19287,21.69658],[85.19142,21.66137],[85.19106,21.66105]]]}}]}